datetime,actual_kwh,predicted_kwh,lower_bound,upper_bound,error_kwh
2024-12-02 00:00:00,16.32,18.67,11.13,26.22,-2.35
2024-12-02 01:00:00,13.12,15.25,7.7,22.79,-2.13
2024-12-02 02:00:00,18.67,16.54,9.0,24.08,2.13
2024-12-02 03:00:00,24.03,16.48,8.94,24.03,7.55
2024-12-02 04:00:00,18.86,15.96,8.42,23.51,2.9
2024-12-02 05:00:00,19.11,21.93,14.39,29.48,-2.82
2024-12-02 06:00:00,22.53,26.15,18.61,33.69,-3.62
2024-12-02 07:00:00,30.41,29.18,21.63,36.72,1.23
2024-12-02 08:00:00,34.05,31.85,24.31,39.39,2.2
2024-12-02 09:00:00,34.38,34.49,26.95,42.04,-0.11
2024-12-02 10:00:00,42.43,46.15,38.6,53.69,-3.72
2024-12-02 11:00:00,43.77,37.66,30.12,45.2,6.11
2024-12-02 12:00:00,43.87,43.81,36.27,51.35,0.06
2024-12-02 13:00:00,46.82,44.22,36.68,51.76,2.6
2024-12-02 14:00:00,40.93,47.36,39.82,54.9,-6.43
2024-12-02 15:00:00,58.55,53.82,46.28,61.36,4.73
2024-12-02 16:00:00,62.62,64.24,56.7,71.78,-1.62
2024-12-02 17:00:00,73.62,67.53,59.98,75.07,6.09
2024-12-02 18:00:00,69.21,65.27,57.73,72.81,3.94
2024-12-02 19:00:00,56.37,61.64,54.1,69.18,-5.27
2024-12-02 20:00:00,52.96,49.63,42.09,57.17,3.33
2024-12-02 21:00:00,42.17,34.11,26.57,41.65,8.06
2024-12-02 22:00:00,29.21,31.13,23.58,38.67,-1.92
2024-12-02 23:00:00,20.62,13.33,5.79,20.87,7.29
2024-12-03 00:00:00,18.74,15.36,7.82,22.9,3.38
2024-12-03 01:00:00,18.54,11.63,4.09,19.18,6.91
2024-12-03 02:00:00,18.29,16.38,8.84,23.92,1.91
2024-12-03 03:00:00,16.59,15.8,8.26,23.34,0.79
2024-12-03 04:00:00,27.91,19.12,11.58,26.67,8.79
2024-12-03 05:00:00,25.8,21.1,13.56,28.64,4.7
2024-12-03 06:00:00,25.29,25.93,18.39,33.48,-0.64
2024-12-03 07:00:00,31.31,28.58,21.04,36.12,2.73
2024-12-03 08:00:00,35.08,37.03,29.49,44.57,-1.95
2024-12-03 09:00:00,40.6,39.82,32.27,47.36,0.78
2024-12-03 10:00:00,48.45,43.66,36.12,51.2,4.79
2024-12-03 11:00:00,43.16,42.99,35.45,50.54,0.17
2024-12-03 12:00:00,42.92,44.48,36.94,52.02,-1.56
2024-12-03 13:00:00,45.97,48.35,40.8,55.89,-2.38
2024-12-03 14:00:00,52.34,50.77,43.23,58.31,1.57
2024-12-03 15:00:00,55.71,58.15,50.61,65.69,-2.44
2024-12-03 16:00:00,56.45,61.47,53.93,69.01,-5.02
2024-12-03 17:00:00,62.49,65.45,57.91,73.0,-2.96
2024-12-03 18:00:00,75.94,69.96,62.42,77.5,5.98
2024-12-03 19:00:00,61.74,61.08,53.54,68.63,0.66
2024-12-03 20:00:00,50.78,47.87,40.33,55.42,2.91
2024-12-03 21:00:00,32.97,35.12,27.58,42.67,-2.15
2024-12-03 22:00:00,19.38,19.87,12.32,27.41,-0.49
2024-12-03 23:00:00,13.89,15.62,8.08,23.16,-1.73
2024-12-04 00:00:00,18.53,18.62,11.08,26.17,-0.09
2024-12-04 01:00:00,10.43,15.78,8.24,23.32,-5.35
2024-12-04 02:00:00,16.33,10.49,2.95,18.04,5.84
2024-12-04 03:00:00,18.3,16.33,8.78,23.87,1.97
2024-12-04 04:00:00,20.03,16.89,9.35,24.44,3.14
2024-12-04 05:00:00,24.97,20.21,12.67,27.75,4.76
2024-12-04 06:00:00,30.99,26.94,19.4,34.48,4.05
2024-12-04 07:00:00,28.62,31.39,23.85,38.93,-2.77
2024-12-04 08:00:00,43.44,38.88,31.34,46.42,4.56
2024-12-04 09:00:00,47.03,43.24,35.69,50.78,3.79
2024-12-04 10:00:00,43.33,40.9,33.36,48.44,2.43
2024-12-04 11:00:00,49.5,44.63,37.09,52.17,4.87
2024-12-04 12:00:00,49.19,44.56,37.02,52.11,4.63
2024-12-04 13:00:00,48.8,44.82,37.28,52.37,3.98
2024-12-04 14:00:00,55.75,49.64,42.1,57.19,6.11
2024-12-04 15:00:00,47.01,47.12,39.58,54.66,-0.11
2024-12-04 16:00:00,63.04,62.11,54.56,69.65,0.93
2024-12-04 17:00:00,71.45,67.97,60.43,75.51,3.48
2024-12-04 18:00:00,67.47,67.63,60.08,75.17,-0.16
2024-12-04 19:00:00,61.7,58.35,50.81,65.89,3.35
2024-12-04 20:00:00,48.77,49.63,42.09,57.17,-0.86
2024-12-04 21:00:00,26.42,34.55,27.01,42.09,-8.13
2024-12-04 22:00:00,32.0,28.27,20.73,35.81,3.73
2024-12-04 23:00:00,18.64,23.53,15.99,31.07,-4.89
2024-12-05 00:00:00,18.37,19.76,12.21,27.3,-1.39
2024-12-05 01:00:00,11.75,6.94,0.0,14.48,4.81
2024-12-05 02:00:00,22.71,18.33,10.79,25.88,4.38
2024-12-05 03:00:00,22.25,16.4,8.86,23.94,5.85
2024-12-05 04:00:00,10.47,16.95,9.41,24.49,-6.48
2024-12-05 05:00:00,22.69,20.47,12.92,28.01,2.22
2024-12-05 06:00:00,24.43,23.78,16.23,31.32,0.65
2024-12-05 07:00:00,37.55,31.05,23.51,38.59,6.5
2024-12-05 08:00:00,41.8,36.34,28.8,43.88,5.46
2024-12-05 09:00:00,37.96,42.42,34.88,49.96,-4.46
2024-12-05 10:00:00,43.85,43.09,35.55,50.63,0.76
2024-12-05 11:00:00,43.56,38.2,30.66,45.74,5.36
2024-12-05 12:00:00,45.71,44.68,37.14,52.23,1.03
2024-12-05 13:00:00,54.94,46.31,38.77,53.85,8.63
2024-12-05 14:00:00,50.1,49.5,41.96,57.04,0.6
2024-12-05 15:00:00,52.82,52.84,45.3,60.39,-0.02
2024-12-05 16:00:00,62.02,64.49,56.95,72.03,-2.47
2024-12-05 17:00:00,71.05,69.01,61.46,76.55,2.04
2024-12-05 18:00:00,55.38,65.65,58.1,73.19,-10.27
2024-12-05 19:00:00,60.9,60.29,52.74,67.83,0.61
2024-12-05 20:00:00,53.84,46.84,39.3,54.38,7.0
2024-12-05 21:00:00,27.79,29.08,21.54,36.62,-1.29
2024-12-05 22:00:00,19.53,25.03,17.49,32.57,-5.5
2024-12-05 23:00:00,27.15,21.06,13.52,28.6,6.09
2024-12-06 00:00:00,19.99,12.49,4.94,20.03,7.5
2024-12-06 01:00:00,12.8,17.5,9.96,25.04,-4.7
2024-12-06 02:00:00,22.91,15.34,7.8,22.88,7.57
2024-12-06 03:00:00,19.62,16.52,8.98,24.06,3.1
2024-12-06 04:00:00,26.13,20.42,12.87,27.96,5.71
2024-12-06 05:00:00,13.73,17.04,9.5,24.58,-3.31
2024-12-06 06:00:00,33.3,25.31,17.77,32.85,7.99
2024-12-06 07:00:00,30.61,29.83,22.29,37.37,0.78
2024-12-06 08:00:00,27.94,28.03,20.49,35.57,-0.09
2024-12-06 09:00:00,43.21,40.53,32.99,48.07,2.68
2024-12-06 10:00:00,41.84,41.92,34.37,49.46,-0.08
2024-12-06 11:00:00,36.23,41.79,34.25,49.33,-5.56
2024-12-06 12:00:00,48.87,46.28,38.74,53.82,2.59
2024-12-06 13:00:00,48.21,48.12,40.58,55.66,0.09
2024-12-06 14:00:00,45.59,47.71,40.17,55.25,-2.12
2024-12-06 15:00:00,61.1,54.69,47.14,62.23,6.41
2024-12-06 16:00:00,68.94,58.58,51.03,66.12,10.36
2024-12-06 17:00:00,63.47,66.46,58.92,74.0,-2.99
2024-12-06 18:00:00,70.83,68.99,61.45,76.54,1.84
2024-12-06 19:00:00,62.19,62.92,55.38,70.46,-0.73
2024-12-06 20:00:00,63.33,51.62,44.08,59.16,11.71
2024-12-06 21:00:00,32.58,28.77,21.22,36.31,3.81
2024-12-06 22:00:00,31.84,27.01,19.47,34.55,4.83
2024-12-06 23:00:00,18.03,13.88,6.34,21.42,4.15
2024-12-07 00:00:00,4.55,4.84,0.0,12.38,-0.29
2024-12-07 01:00:00,2.39,2.8,0.0,10.35,-0.41
2024-12-07 02:00:00,16.11,11.35,3.81,18.89,4.76
2024-12-07 03:00:00,6.32,4.09,0.0,11.63,2.23
2024-12-07 04:00:00,7.2,10.82,3.28,18.36,-3.62
2024-12-07 05:00:00,10.83,13.9,6.36,21.44,-3.07
2024-12-07 06:00:00,18.18,19.31,11.77,26.86,-1.13
2024-12-07 07:00:00,27.43,22.52,14.98,30.07,4.91
2024-12-07 08:00:00,36.27,31.52,23.98,39.06,4.75
2024-12-07 09:00:00,42.0,33.25,25.71,40.79,8.75
2024-12-07 10:00:00,31.34,35.8,28.26,43.34,-4.46
2024-12-07 11:00:00,36.95,37.26,29.72,44.81,-0.31
2024-12-07 12:00:00,38.75,39.1,31.56,46.65,-0.35
2024-12-07 13:00:00,36.88,39.4,31.86,46.94,-2.52
2024-12-07 14:00:00,44.75,42.52,34.98,50.06,2.23
2024-12-07 15:00:00,45.45,47.38,39.84,54.92,-1.93
2024-12-07 16:00:00,62.6,56.06,48.52,63.6,6.54
2024-12-07 17:00:00,53.34,57.58,50.04,65.12,-4.24
2024-12-07 18:00:00,66.42,65.59,58.05,73.13,0.83
2024-12-07 19:00:00,53.9,55.8,48.26,63.34,-1.9
2024-12-07 20:00:00,36.5,42.43,34.89,49.97,-5.93
2024-12-07 21:00:00,27.42,31.28,23.74,38.82,-3.86
2024-12-07 22:00:00,19.08,19.1,11.56,26.64,-0.02
2024-12-07 23:00:00,22.19,14.39,6.85,21.94,7.8
2024-12-08 00:00:00,7.65,10.34,2.8,17.88,-2.69
2024-12-08 01:00:00,6.26,8.56,1.02,16.1,-2.3
2024-12-08 02:00:00,11.06,10.56,3.02,18.1,0.5
2024-12-08 03:00:00,3.83,5.03,0.0,12.57,-1.2
2024-12-08 04:00:00,10.36,11.68,4.14,19.22,-1.32
2024-12-08 05:00:00,17.03,15.49,7.95,23.04,1.54
2024-12-08 06:00:00,17.67,18.85,11.31,26.39,-1.18
2024-12-08 07:00:00,7.44,16.07,8.53,23.61,-8.63
2024-12-08 08:00:00,25.35,30.37,22.83,37.91,-5.02
2024-12-08 09:00:00,39.28,35.69,28.15,43.23,3.59
2024-12-08 10:00:00,39.16,37.06,29.52,44.6,2.1
2024-12-08 11:00:00,43.4,38.56,31.02,46.1,4.84
2024-12-08 12:00:00,42.34,36.85,29.3,44.39,5.49
2024-12-08 13:00:00,33.74,38.74,31.2,46.29,-5.0
2024-12-08 14:00:00,38.17,42.2,34.66,49.74,-4.03
2024-12-08 15:00:00,43.17,47.03,39.49,54.57,-3.86
2024-12-08 16:00:00,55.66,57.75,50.21,65.29,-2.09
2024-12-08 17:00:00,58.42,62.56,55.02,70.1,-4.14
2024-12-08 18:00:00,61.1,63.16,55.62,70.71,-2.06
2024-12-08 19:00:00,49.32,54.07,46.53,61.62,-4.75
2024-12-08 20:00:00,45.02,41.75,34.21,49.29,3.27
2024-12-08 21:00:00,23.18,28.31,20.76,35.85,-5.13
2024-12-08 22:00:00,17.86,21.59,14.05,29.13,-3.73
2024-12-08 23:00:00,19.11,16.87,9.32,24.41,2.24
2024-12-09 00:00:00,22.25,17.38,9.83,24.92,4.87
2024-12-09 01:00:00,17.22,16.68,9.14,24.23,0.54
2024-12-09 02:00:00,19.76,15.76,8.22,23.3,4.0
2024-12-09 03:00:00,18.66,14.62,7.08,22.16,4.04
2024-12-09 04:00:00,28.04,19.07,11.53,26.61,8.97
2024-12-09 05:00:00,26.26,21.21,13.67,28.75,5.05
2024-12-09 06:00:00,34.29,26.45,18.9,33.99,7.84
2024-12-09 07:00:00,33.96,30.94,23.4,38.49,3.02
2024-12-09 08:00:00,42.4,36.18,28.64,43.72,6.22
2024-12-09 09:00:00,46.12,40.73,33.19,48.27,5.39
2024-12-09 10:00:00,41.37,41.62,34.08,49.16,-0.25
2024-12-09 11:00:00,38.72,40.6,33.06,48.15,-1.88
2024-12-09 12:00:00,43.92,43.7,36.16,51.24,0.22
2024-12-09 13:00:00,50.46,46.55,39.0,54.09,3.91
2024-12-09 14:00:00,46.14,49.75,42.21,57.3,-3.61
2024-12-09 15:00:00,54.6,55.68,48.14,63.22,-1.08
2024-12-09 16:00:00,61.43,57.6,50.06,65.14,3.83
2024-12-09 17:00:00,69.83,65.17,57.63,72.71,4.66
2024-12-09 18:00:00,59.6,67.91,60.37,75.46,-8.31
2024-12-09 19:00:00,56.82,60.5,52.96,68.04,-3.68
2024-12-09 20:00:00,59.76,50.23,42.69,57.77,9.53
2024-12-09 21:00:00,42.87,35.99,28.45,43.53,6.88
2024-12-09 22:00:00,28.09,29.8,22.26,37.35,-1.71
2024-12-09 23:00:00,17.11,22.74,15.2,30.28,-5.63
2024-12-10 00:00:00,8.74,12.55,5.01,20.1,-3.81
2024-12-10 01:00:00,18.02,14.97,7.43,22.51,3.05
2024-12-10 02:00:00,27.32,18.77,11.23,26.31,8.55
2024-12-10 03:00:00,24.58,15.47,7.93,23.01,9.11
2024-12-10 04:00:00,4.73,7.08,0.0,14.63,-2.35
2024-12-10 05:00:00,20.7,20.99,13.45,28.53,-0.29
2024-12-10 06:00:00,23.34,25.39,17.85,32.93,-2.05
2024-12-10 07:00:00,32.93,30.38,22.83,37.92,2.55
2024-12-10 08:00:00,34.49,39.73,32.19,47.27,-5.24
2024-12-10 09:00:00,40.8,41.38,33.84,48.92,-0.58
2024-12-10 10:00:00,40.46,41.58,34.03,49.12,-1.12
2024-12-10 11:00:00,48.1,44.71,37.16,52.25,3.39
2024-12-10 12:00:00,44.25,44.3,36.76,51.85,-0.05
2024-12-10 13:00:00,46.49,46.15,38.61,53.69,0.34
2024-12-10 14:00:00,55.54,51.22,43.68,58.76,4.32
2024-12-10 15:00:00,64.48,57.66,50.12,65.2,6.82
2024-12-10 16:00:00,72.1,62.21,54.67,69.75,9.89
2024-12-10 17:00:00,71.97,68.8,61.26,76.34,3.17
2024-12-10 18:00:00,70.22,68.93,61.39,76.47,1.29
2024-12-10 19:00:00,68.47,62.66,55.12,70.2,5.81
2024-12-10 20:00:00,51.47,46.19,38.65,53.73,5.28
2024-12-10 21:00:00,40.14,35.24,27.69,42.78,4.9
2024-12-10 22:00:00,23.89,29.04,21.5,36.58,-5.15
2024-12-10 23:00:00,27.24,22.09,14.54,29.63,5.15
2024-12-11 00:00:00,18.75,16.94,9.39,24.48,1.81
2024-12-11 01:00:00,14.96,18.51,10.97,26.05,-3.55
2024-12-11 02:00:00,12.66,14.57,7.03,22.11,-1.91
2024-12-11 03:00:00,18.73,14.08,6.54,21.63,4.65
2024-12-11 04:00:00,8.96,17.1,9.55,24.64,-8.14
2024-12-11 05:00:00,19.54,18.47,10.93,26.01,1.07
2024-12-11 06:00:00,19.71,20.95,13.41,28.49,-1.24
2024-12-11 07:00:00,29.27,31.08,23.54,38.62,-1.81
2024-12-11 08:00:00,31.35,35.17,27.63,42.72,-3.82
2024-12-11 09:00:00,37.97,43.14,35.6,50.68,-5.17
2024-12-11 10:00:00,48.55,43.74,36.19,51.28,4.81
2024-12-11 11:00:00,37.35,44.34,36.8,51.89,-6.99
2024-12-11 12:00:00,46.97,45.07,37.53,52.61,1.9
2024-12-11 13:00:00,42.3,45.74,38.2,53.28,-3.44
2024-12-11 14:00:00,56.91,47.74,40.2,55.28,9.17
2024-12-11 15:00:00,54.58,54.01,46.46,61.55,0.57
2024-12-11 16:00:00,50.06,58.33,50.79,65.87,-8.27
2024-12-11 17:00:00,71.37,68.41,60.87,75.95,2.96
2024-12-11 18:00:00,66.75,70.23,62.69,77.77,-3.48
2024-12-11 19:00:00,68.69,64.12,56.58,71.66,4.57
2024-12-11 20:00:00,51.32,48.18,40.64,55.72,3.14
2024-12-11 21:00:00,40.52,32.76,25.22,40.31,7.76
2024-12-11 22:00:00,31.12,29.16,21.62,36.7,1.96
2024-12-11 23:00:00,26.49,22.77,15.23,30.31,3.72
2024-12-12 00:00:00,15.73,13.96,6.42,21.51,1.77
2024-12-12 01:00:00,12.63,13.26,5.72,20.8,-0.63
2024-12-12 02:00:00,21.63,16.67,9.13,24.21,4.96
2024-12-12 03:00:00,11.45,15.68,8.14,23.22,-4.23
2024-12-12 04:00:00,22.31,20.16,12.62,27.7,2.15
2024-12-12 05:00:00,20.3,21.15,13.6,28.69,-0.85
2024-12-12 06:00:00,32.47,27.48,19.93,35.02,4.99
2024-12-12 07:00:00,24.93,29.76,22.22,37.3,-4.83
2024-12-12 08:00:00,30.91,32.19,24.65,39.73,-1.28
2024-12-12 09:00:00,45.25,43.04,35.5,50.58,2.21
2024-12-12 10:00:00,49.55,42.89,35.35,50.43,6.66
2024-12-12 11:00:00,43.1,43.36,35.82,50.9,-0.26
2024-12-12 12:00:00,46.38,46.31,38.77,53.85,0.07
2024-12-12 13:00:00,40.92,44.25,36.7,51.79,-3.33
2024-12-12 14:00:00,49.01,51.0,43.46,58.54,-1.99
2024-12-12 15:00:00,59.23,56.51,48.96,64.05,2.72
2024-12-12 16:00:00,63.7,62.34,54.8,69.88,1.36
2024-12-12 17:00:00,73.32,73.02,65.48,80.56,0.3
2024-12-12 18:00:00,77.78,71.53,63.99,79.07,6.25
2024-12-12 19:00:00,53.69,61.07,53.52,68.61,-7.38
2024-12-12 20:00:00,60.07,49.7,42.16,57.25,10.37
2024-12-12 21:00:00,40.89,35.59,28.05,43.13,5.3
2024-12-12 22:00:00,29.22,30.01,22.47,37.55,-0.79
2024-12-12 23:00:00,21.58,19.25,11.7,26.79,2.33
2024-12-13 00:00:00,19.86,19.37,11.83,26.92,0.49
2024-12-13 01:00:00,18.57,15.82,8.28,23.36,2.75
2024-12-13 02:00:00,24.81,15.2,7.66,22.74,9.61
2024-12-13 03:00:00,15.98,17.6,10.06,25.15,-1.62
2024-12-13 04:00:00,15.6,14.1,6.55,21.64,1.5
2024-12-13 05:00:00,18.74,20.37,12.83,27.91,-1.63
2024-12-13 06:00:00,23.08,25.21,17.66,32.75,-2.13
2024-12-13 07:00:00,29.59,31.11,23.57,38.66,-1.52
2024-12-13 08:00:00,34.95,38.13,30.58,45.67,-3.18
2024-12-13 09:00:00,36.54,36.06,28.52,43.6,0.48
2024-12-13 10:00:00,43.48,43.01,35.46,50.55,0.47
2024-12-13 11:00:00,43.16,43.81,36.27,51.35,-0.65
2024-12-13 12:00:00,37.85,45.3,37.75,52.84,-7.45
2024-12-13 13:00:00,46.7,45.83,38.29,53.37,0.87
2024-12-13 14:00:00,48.4,48.58,41.04,56.13,-0.18
2024-12-13 15:00:00,66.19,57.23,49.69,64.78,8.96
2024-12-13 16:00:00,65.8,65.89,58.35,73.44,-0.09
2024-12-13 17:00:00,69.88,65.05,57.51,72.59,4.83
2024-12-13 18:00:00,69.48,69.64,62.1,77.18,-0.16
2024-12-13 19:00:00,68.83,62.91,55.37,70.45,5.92
2024-12-13 20:00:00,46.83,48.24,40.7,55.78,-1.41
2024-12-13 21:00:00,28.87,25.6,18.06,33.14,3.27
2024-12-13 22:00:00,32.72,27.67,20.13,35.21,5.05
2024-12-13 23:00:00,25.4,21.03,13.48,28.57,4.37
2024-12-14 00:00:00,13.65,2.69,0.0,10.23,10.96
2024-12-14 01:00:00,7.34,11.05,3.51,18.59,-3.71
2024-12-14 02:00:00,13.69,10.02,2.48,17.56,3.67
2024-12-14 03:00:00,14.95,11.09,3.54,18.63,3.86
2024-12-14 04:00:00,8.08,6.39,0.0,13.93,1.69
2024-12-14 05:00:00,15.04,8.05,0.51,15.59,6.99
2024-12-14 06:00:00,17.88,18.4,10.86,25.94,-0.52
2024-12-14 07:00:00,25.43,26.02,18.48,33.56,-0.59
2024-12-14 08:00:00,29.59,31.1,23.56,38.65,-1.51
2024-12-14 09:00:00,27.15,33.12,25.58,40.67,-5.97
2024-12-14 10:00:00,37.22,33.85,26.31,41.39,3.37
2024-12-14 11:00:00,35.31,33.48,25.94,41.03,1.83
2024-12-14 12:00:00,37.81,38.45,30.91,45.99,-0.64
2024-12-14 13:00:00,45.75,39.74,32.2,47.29,6.01
2024-12-14 14:00:00,40.33,43.22,35.67,50.76,-2.89
2024-12-14 15:00:00,39.22,47.64,40.09,55.18,-8.42
2024-12-14 16:00:00,62.39,56.79,49.25,64.33,5.6
2024-12-14 17:00:00,65.64,62.9,55.36,70.45,2.74
2024-12-14 18:00:00,65.83,64.92,57.38,72.46,0.91
2024-12-14 19:00:00,53.98,55.87,48.33,63.42,-1.89
2024-12-14 20:00:00,40.05,40.11,32.57,47.65,-0.06
2024-12-14 21:00:00,23.7,28.38,20.83,35.92,-4.68
2024-12-14 22:00:00,14.41,14.89,7.35,22.43,-0.48
2024-12-14 23:00:00,10.79,14.91,7.36,22.45,-4.12
2024-12-15 00:00:00,13.0,11.24,3.7,18.78,1.76
2024-12-15 01:00:00,13.55,10.57,3.03,18.11,2.98
2024-12-15 02:00:00,0.0,-2.77,0.0,4.77,2.77
2024-12-15 03:00:00,12.27,9.65,2.1,17.19,2.62
2024-12-15 04:00:00,10.48,10.07,2.53,17.61,0.41
2024-12-15 05:00:00,17.73,14.79,7.25,22.33,2.94
2024-12-15 06:00:00,15.96,17.37,9.83,24.91,-1.41
2024-12-15 07:00:00,26.99,25.3,17.76,32.84,1.69
2024-12-15 08:00:00,26.94,31.12,23.58,38.66,-4.18
2024-12-15 09:00:00,28.07,34.47,26.93,42.01,-6.4
2024-12-15 10:00:00,24.8,32.85,25.3,40.39,-8.05
2024-12-15 11:00:00,32.52,35.58,28.04,43.13,-3.06
2024-12-15 12:00:00,32.54,38.33,30.78,45.87,-5.79
2024-12-15 13:00:00,48.27,42.12,34.58,49.66,6.15
2024-12-15 14:00:00,38.98,40.19,32.65,47.73,-1.21
2024-12-15 15:00:00,50.27,48.15,40.61,55.69,2.12
2024-12-15 16:00:00,59.07,57.55,50.01,65.09,1.52
2024-12-15 17:00:00,63.04,64.13,56.59,71.67,-1.09
2024-12-15 18:00:00,76.15,62.41,54.87,69.96,13.74
2024-12-15 19:00:00,65.3,54.35,46.81,61.9,10.95
2024-12-15 20:00:00,45.19,40.24,32.7,47.78,4.95
2024-12-15 21:00:00,27.34,31.09,23.55,38.63,-3.75
2024-12-15 22:00:00,26.55,20.85,13.31,28.39,5.7
2024-12-15 23:00:00,5.35,13.79,6.25,21.33,-8.44
2024-12-16 00:00:00,23.25,16.78,9.24,24.32,6.47
2024-12-16 01:00:00,7.91,17.74,10.2,25.28,-9.83
2024-12-16 02:00:00,18.55,18.49,10.95,26.04,0.06
2024-12-16 03:00:00,19.72,13.87,6.33,21.41,5.85
2024-12-16 04:00:00,21.6,18.95,11.41,26.5,2.65
2024-12-16 05:00:00,18.2,23.01,15.47,30.55,-4.81
2024-12-16 06:00:00,21.94,20.76,13.22,28.31,1.18
2024-12-16 07:00:00,35.69,32.46,24.92,40.0,3.23
2024-12-16 08:00:00,38.07,37.71,30.17,45.25,0.36
2024-12-16 09:00:00,40.38,41.17,33.63,48.71,-0.79
2024-12-16 10:00:00,34.68,33.34,25.8,40.88,1.34
2024-12-16 11:00:00,49.4,43.93,36.39,51.47,5.47
2024-12-16 12:00:00,48.96,45.47,37.93,53.02,3.49
2024-12-16 13:00:00,53.34,46.31,38.76,53.85,7.03
2024-12-16 14:00:00,48.2,47.71,40.17,55.25,0.49
2024-12-16 15:00:00,52.62,53.51,45.97,61.05,-0.89
2024-12-16 16:00:00,69.84,63.32,55.78,70.86,6.52
2024-12-16 17:00:00,75.81,69.61,62.07,77.15,6.2
2024-12-16 18:00:00,67.38,68.72,61.18,76.26,-1.34
2024-12-16 19:00:00,60.19,62.24,54.7,69.78,-2.05
2024-12-16 20:00:00,54.31,45.04,37.49,52.58,9.27
2024-12-16 21:00:00,32.61,31.82,24.28,39.36,0.79
2024-12-16 22:00:00,29.1,26.79,19.25,34.33,2.31
2024-12-16 23:00:00,21.27,21.02,13.48,28.56,0.25
2024-12-17 00:00:00,22.47,15.18,7.64,22.72,7.29
2024-12-17 01:00:00,27.39,17.72,10.18,25.26,9.67
2024-12-17 02:00:00,15.07,14.5,6.96,22.04,0.57
2024-12-17 03:00:00,29.72,18.34,10.8,25.88,11.38
2024-12-17 04:00:00,18.82,19.41,11.87,26.95,-0.59
2024-12-17 05:00:00,23.64,22.76,15.22,30.3,0.88
2024-12-17 06:00:00,29.29,26.16,18.61,33.7,3.13
2024-12-17 07:00:00,24.44,28.09,20.55,35.63,-3.65
2024-12-17 08:00:00,41.31,38.07,30.53,45.61,3.24
2024-12-17 09:00:00,38.86,39.08,31.54,46.62,-0.22
2024-12-17 10:00:00,38.9,43.91,36.37,51.45,-5.01
2024-12-17 11:00:00,36.28,42.48,34.94,50.03,-6.2
2024-12-17 12:00:00,43.05,43.1,35.56,50.64,-0.05
2024-12-17 13:00:00,43.71,42.43,34.89,49.97,1.28
2024-12-17 14:00:00,44.24,47.86,40.32,55.4,-3.62
2024-12-17 15:00:00,57.14,55.64,48.1,63.18,1.5
2024-12-17 16:00:00,65.45,63.43,55.89,70.97,2.02
2024-12-17 17:00:00,67.74,67.76,60.22,75.31,-0.02
2024-12-17 18:00:00,64.88,67.29,59.75,74.83,-2.41
2024-12-17 19:00:00,66.98,65.07,57.53,72.61,1.91
2024-12-17 20:00:00,50.11,49.67,42.12,57.21,0.44
2024-12-17 21:00:00,42.98,37.09,29.54,44.63,5.89
2024-12-17 22:00:00,22.74,26.35,18.81,33.89,-3.61
2024-12-17 23:00:00,22.93,22.36,14.82,29.9,0.57
2024-12-18 00:00:00,13.67,16.93,9.39,24.47,-3.26
2024-12-18 01:00:00,17.95,18.32,10.78,25.86,-0.37
2024-12-18 02:00:00,15.24,19.07,11.53,26.61,-3.83
2024-12-18 03:00:00,11.87,14.51,6.97,22.05,-2.64
2024-12-18 04:00:00,18.07,15.94,8.4,23.49,2.13
2024-12-18 05:00:00,18.58,18.62,11.07,26.16,-0.04
2024-12-18 06:00:00,32.67,25.39,17.84,32.93,7.28
2024-12-18 07:00:00,36.42,29.81,22.26,37.35,6.61
2024-12-18 08:00:00,39.32,35.34,27.8,42.88,3.98
2024-12-18 09:00:00,45.59,41.34,33.8,48.88,4.25
2024-12-18 10:00:00,47.03,44.49,36.95,52.03,2.54
2024-12-18 11:00:00,49.37,43.8,36.26,51.34,5.57
2024-12-18 12:00:00,46.02,45.51,37.97,53.05,0.51
2024-12-18 13:00:00,58.58,49.78,42.24,57.32,8.8
2024-12-18 14:00:00,36.97,42.46,34.92,50.01,-5.49
2024-12-18 15:00:00,53.18,56.58,49.04,64.12,-3.4
2024-12-18 16:00:00,57.64,61.65,54.11,69.2,-4.01
2024-12-18 17:00:00,63.92,66.53,58.99,74.07,-2.61
2024-12-18 18:00:00,62.99,68.66,61.12,76.2,-5.67
2024-12-18 19:00:00,64.54,63.1,55.56,70.64,1.44
2024-12-18 20:00:00,54.22,48.23,40.69,55.77,5.99
2024-12-18 21:00:00,37.88,34.72,27.18,42.26,3.16
2024-12-18 22:00:00,12.26,18.11,10.57,25.65,-5.85
2024-12-18 23:00:00,17.68,19.86,12.32,27.4,-2.18
2024-12-19 00:00:00,20.7,14.83,7.28,22.37,5.87
2024-12-19 01:00:00,18.39,18.29,10.75,25.83,0.1
2024-12-19 02:00:00,12.78,15.29,7.75,22.83,-2.51
2024-12-19 03:00:00,10.17,14.53,6.99,22.07,-4.36
2024-12-19 04:00:00,17.89,18.19,10.65,25.73,-0.3
2024-12-19 05:00:00,20.23,21.37,13.83,28.92,-1.14
2024-12-19 06:00:00,21.51,22.9,15.36,30.44,-1.39
2024-12-19 07:00:00,35.64,32.56,25.02,40.1,3.08
2024-12-19 08:00:00,36.65,36.42,28.88,43.96,0.23
2024-12-19 09:00:00,44.2,42.93,35.39,50.48,1.27
2024-12-19 10:00:00,45.81,42.73,35.19,50.27,3.08
2024-12-19 11:00:00,42.21,45.9,38.35,53.44,-3.69
2024-12-19 12:00:00,51.65,42.72,35.18,50.26,8.93
2024-12-19 13:00:00,41.39,43.66,36.12,51.2,-2.27
2024-12-19 14:00:00,53.36,48.99,41.45,56.53,4.37
2024-12-19 15:00:00,54.05,57.02,49.48,64.56,-2.97
2024-12-19 16:00:00,63.1,61.56,54.02,69.11,1.54
2024-12-19 17:00:00,70.39,66.7,59.16,74.25,3.69
2024-12-19 18:00:00,77.07,70.24,62.7,77.78,6.83
2024-12-19 19:00:00,65.11,65.03,57.49,72.57,0.08
2024-12-19 20:00:00,55.74,49.52,41.98,57.07,6.22
2024-12-19 21:00:00,37.9,34.65,27.11,42.19,3.25
2024-12-19 22:00:00,35.5,25.95,18.41,33.5,9.55
2024-12-19 23:00:00,15.55,21.83,14.28,29.37,-6.28
2024-12-20 00:00:00,18.53,16.88,9.34,24.42,1.65
2024-12-20 01:00:00,3.11,14.21,6.67,21.75,-11.1
2024-12-20 02:00:00,16.67,16.09,8.55,23.63,0.58
2024-12-20 03:00:00,21.31,16.24,8.7,23.78,5.07
2024-12-20 04:00:00,23.14,16.6,9.06,24.14,6.54
2024-12-20 05:00:00,23.94,19.47,11.92,27.01,4.47
2024-12-20 06:00:00,22.07,23.55,16.01,31.09,-1.48
2024-12-20 07:00:00,34.27,31.3,23.76,38.84,2.97
2024-12-20 08:00:00,49.86,39.11,31.57,46.65,10.75
2024-12-20 09:00:00,41.89,40.53,32.99,48.07,1.36
2024-12-20 10:00:00,47.99,42.89,35.35,50.43,5.1
2024-12-20 11:00:00,40.23,40.35,32.81,47.89,-0.12
2024-12-20 12:00:00,50.47,43.98,36.44,51.52,6.49
2024-12-20 13:00:00,52.19,47.5,39.96,55.04,4.69
2024-12-20 14:00:00,47.41,48.12,40.58,55.66,-0.71
2024-12-20 15:00:00,54.27,50.19,42.65,57.74,4.08
2024-12-20 16:00:00,65.92,61.79,54.25,69.33,4.13
2024-12-20 17:00:00,69.63,64.73,57.19,72.27,4.9
2024-12-20 18:00:00,71.15,70.0,62.45,77.54,1.15
2024-12-20 19:00:00,68.69,62.96,55.41,70.5,5.73
2024-12-20 20:00:00,47.99,49.87,42.33,57.41,-1.88
2024-12-20 21:00:00,36.09,34.92,27.37,42.46,1.17
2024-12-20 22:00:00,28.53,26.37,18.83,33.91,2.16
2024-12-20 23:00:00,28.54,23.39,15.85,30.93,5.15
2024-12-21 00:00:00,5.85,10.03,2.49,17.57,-4.18
2024-12-21 01:00:00,12.05,11.79,4.25,19.33,0.26
2024-12-21 02:00:00,7.98,10.66,3.11,18.2,-2.68
2024-12-21 03:00:00,8.68,9.18,1.64,16.72,-0.5
2024-12-21 04:00:00,13.41,11.66,4.12,19.2,1.75
2024-12-21 05:00:00,7.9,13.03,5.49,20.57,-5.13
2024-12-21 06:00:00,20.7,14.72,7.18,22.26,5.98
2024-12-21 07:00:00,28.37,26.55,19.01,34.1,1.82
2024-12-21 08:00:00,27.09,32.79,25.24,40.33,-5.7
2024-12-21 09:00:00,30.53,33.26,25.71,40.8,-2.73
2024-12-21 10:00:00,43.24,37.04,29.5,44.58,6.2
2024-12-21 11:00:00,41.51,37.89,30.35,45.43,3.62
2024-12-21 12:00:00,36.0,38.89,31.35,46.44,-2.89
2024-12-21 13:00:00,34.19,38.24,30.7,45.79,-4.05
2024-12-21 14:00:00,45.79,44.04,36.5,51.58,1.75
2024-12-21 15:00:00,50.58,49.97,42.43,57.51,0.61
2024-12-21 16:00:00,54.08,54.4,46.85,61.94,-0.32
2024-12-21 17:00:00,56.87,60.83,53.29,68.37,-3.96
2024-12-21 18:00:00,66.04,65.18,57.64,72.72,0.86
2024-12-21 19:00:00,54.4,56.17,48.63,63.72,-1.77
2024-12-21 20:00:00,39.32,42.61,35.07,50.15,-3.29
2024-12-21 21:00:00,36.09,29.83,22.29,37.38,6.26
2024-12-21 22:00:00,23.48,21.1,13.56,28.65,2.38
2024-12-21 23:00:00,10.72,13.58,6.04,21.13,-2.86
2024-12-22 00:00:00,12.34,12.65,5.11,20.19,-0.31
2024-12-22 01:00:00,5.81,7.59,0.05,15.13,-1.78
2024-12-22 02:00:00,3.76,6.82,0.0,14.37,-3.06
2024-12-22 03:00:00,10.89,11.0,3.46,18.54,-0.11
2024-12-22 04:00:00,7.49,10.67,3.13,18.21,-3.18
2024-12-22 05:00:00,14.68,9.78,2.24,17.32,4.9
2024-12-22 06:00:00,20.78,20.2,12.66,27.74,0.58
2024-12-22 07:00:00,17.86,26.04,18.5,33.58,-8.18
2024-12-22 08:00:00,27.33,30.4,22.85,37.94,-3.07
2024-12-22 09:00:00,29.4,33.3,25.76,40.84,-3.9
2024-12-22 10:00:00,22.63,34.9,27.36,42.45,-12.27
2024-12-22 11:00:00,35.92,37.76,30.22,45.3,-1.84
2024-12-22 12:00:00,43.59,38.85,31.31,46.39,4.74
2024-12-22 13:00:00,37.31,40.04,32.5,47.58,-2.73
2024-12-22 14:00:00,44.74,43.07,35.53,50.61,1.67
2024-12-22 15:00:00,48.09,49.25,41.71,56.8,-1.16
2024-12-22 16:00:00,53.46,56.74,49.2,64.29,-3.28
2024-12-22 17:00:00,58.27,62.77,55.23,70.31,-4.5
2024-12-22 18:00:00,56.6,64.11,56.56,71.65,-7.51
2024-12-22 19:00:00,56.87,54.14,46.6,61.68,2.73
2024-12-22 20:00:00,48.93,44.54,36.99,52.08,4.39
2024-12-22 21:00:00,29.92,31.03,23.49,38.57,-1.11
2024-12-22 22:00:00,11.5,19.93,12.39,27.47,-8.43
2024-12-22 23:00:00,15.93,14.25,6.71,21.79,1.68
2024-12-23 00:00:00,15.44,17.78,10.24,25.32,-2.34
2024-12-23 01:00:00,21.36,20.08,12.53,27.62,1.28
2024-12-23 02:00:00,7.74,13.72,6.18,21.26,-5.98
2024-12-23 03:00:00,20.32,18.36,10.81,25.9,1.96
2024-12-23 04:00:00,17.76,16.82,9.28,24.36,0.94
2024-12-23 05:00:00,10.77,19.52,11.98,27.07,-8.75
2024-12-23 06:00:00,33.76,26.95,19.41,34.5,6.81
2024-12-23 07:00:00,31.19,30.31,22.77,37.85,0.88
2024-12-23 08:00:00,36.91,37.94,30.4,45.48,-1.03
2024-12-23 09:00:00,44.57,41.19,33.65,48.73,3.38
2024-12-23 10:00:00,47.36,46.62,39.08,54.16,0.74
2024-12-23 11:00:00,46.11,44.13,36.59,51.67,1.98
2024-12-23 12:00:00,40.24,43.1,35.56,50.64,-2.86
2024-12-23 13:00:00,46.93,46.8,39.25,54.34,0.13
2024-12-23 14:00:00,45.33,51.34,43.8,58.88,-6.01
2024-12-23 15:00:00,56.48,55.93,48.39,63.48,0.55
2024-12-23 16:00:00,65.19,58.88,51.34,66.42,6.31
2024-12-23 17:00:00,63.22,67.98,60.43,75.52,-4.76
2024-12-23 18:00:00,70.49,69.48,61.93,77.02,1.01
2024-12-23 19:00:00,56.25,64.22,56.68,71.76,-7.97
2024-12-23 20:00:00,51.8,49.94,42.4,57.49,1.86
2024-12-23 21:00:00,42.25,38.55,31.01,46.09,3.7
2024-12-23 22:00:00,27.76,25.7,18.16,33.24,2.06
2024-12-23 23:00:00,20.68,20.84,13.3,28.38,-0.16
2024-12-24 00:00:00,8.48,16.47,8.93,24.01,-7.99
2024-12-24 01:00:00,10.98,15.23,7.69,22.77,-4.25
2024-12-24 02:00:00,22.95,17.31,9.77,24.85,5.64
2024-12-24 03:00:00,20.14,15.42,7.88,22.96,4.72
2024-12-24 04:00:00,18.52,17.36,9.82,24.9,1.16
2024-12-24 05:00:00,21.72,20.15,12.61,27.69,1.57
2024-12-24 06:00:00,24.92,27.33,19.79,34.87,-2.41
2024-12-24 07:00:00,37.6,31.36,23.82,38.9,6.24
2024-12-24 08:00:00,34.65,37.13,29.59,44.67,-2.48
2024-12-24 09:00:00,44.89,41.62,34.08,49.16,3.27
2024-12-24 10:00:00,37.19,42.43,34.89,49.98,-5.24
2024-12-24 11:00:00,43.12,42.54,34.99,50.08,0.58
2024-12-24 12:00:00,49.56,42.46,34.92,50.0,7.1
2024-12-24 13:00:00,44.67,47.55,40.01,55.1,-2.88
2024-12-24 14:00:00,55.28,51.38,43.84,58.93,3.9
2024-12-24 15:00:00,52.35,57.14,49.6,64.69,-4.79
2024-12-24 16:00:00,61.17,62.79,55.25,70.34,-1.62
2024-12-24 17:00:00,69.84,68.53,60.99,76.07,1.31
2024-12-24 18:00:00,71.32,66.13,58.59,73.67,5.19
2024-12-24 19:00:00,60.45,60.13,52.59,67.67,0.32
2024-12-24 20:00:00,49.98,45.9,38.36,53.44,4.08
2024-12-24 21:00:00,40.06,33.12,25.58,40.66,6.94
2024-12-24 22:00:00,20.55,22.78,15.24,30.33,-2.23
2024-12-24 23:00:00,17.8,22.06,14.52,29.6,-4.26
2024-12-25 00:00:00,12.79,12.98,5.44,20.52,-0.19
2024-12-25 01:00:00,21.7,15.55,8.01,23.1,6.15
2024-12-25 02:00:00,14.19,16.56,9.02,24.11,-2.37
2024-12-25 03:00:00,18.89,13.66,6.11,21.2,5.23
2024-12-25 04:00:00,12.68,11.28,3.74,18.82,1.4
2024-12-25 05:00:00,30.25,22.07,14.53,29.61,8.18
2024-12-25 06:00:00,38.38,27.04,19.49,34.58,11.34
2024-12-25 07:00:00,36.07,30.8,23.26,38.34,5.27
2024-12-25 08:00:00,29.74,36.16,28.62,43.7,-6.42
2024-12-25 09:00:00,31.61,40.46,32.92,48.0,-8.85
2024-12-25 10:00:00,44.59,42.29,34.75,49.83,2.3
2024-12-25 11:00:00,43.83,38.02,30.47,45.56,5.81
2024-12-25 12:00:00,43.58,39.88,32.33,47.42,3.7
2024-12-25 13:00:00,47.07,48.39,40.85,55.93,-1.32
2024-12-25 14:00:00,45.74,50.65,43.11,58.19,-4.91
2024-12-25 15:00:00,59.27,55.11,47.57,62.66,4.16
2024-12-25 16:00:00,69.5,61.98,54.43,69.52,7.52
2024-12-25 17:00:00,67.6,70.29,62.75,77.83,-2.69
2024-12-25 18:00:00,74.16,69.27,61.73,76.81,4.89
2024-12-25 19:00:00,75.2,63.37,55.83,70.91,11.83
2024-12-25 20:00:00,46.52,45.74,38.2,53.28,0.78
2024-12-25 21:00:00,35.34,32.86,25.32,40.4,2.48
2024-12-25 22:00:00,30.32,27.78,20.24,35.33,2.54
2024-12-25 23:00:00,16.3,16.86,9.32,24.4,-0.56
2024-12-26 00:00:00,21.47,14.97,7.43,22.51,6.5
2024-12-26 01:00:00,17.62,17.92,10.38,25.46,-0.3
2024-12-26 02:00:00,17.26,17.31,9.76,24.85,-0.05
2024-12-26 03:00:00,12.71,17.13,9.59,24.67,-4.42
2024-12-26 04:00:00,19.32,18.94,11.39,26.48,0.38
2024-12-26 05:00:00,20.29,22.81,15.26,30.35,-2.52
2024-12-26 06:00:00,31.77,29.17,21.63,36.71,2.6
2024-12-26 07:00:00,22.89,29.64,22.1,37.18,-6.75
2024-12-26 08:00:00,42.85,38.79,31.25,46.33,4.06
2024-12-26 09:00:00,41.91,43.19,35.65,50.73,-1.28
2024-12-26 10:00:00,51.13,42.61,35.07,50.15,8.52
2024-12-26 11:00:00,48.9,42.54,34.99,50.08,6.36
2024-12-26 12:00:00,49.62,45.61,38.07,53.15,4.01
2024-12-26 13:00:00,41.12,45.98,38.44,53.52,-4.86
2024-12-26 14:00:00,44.37,46.09,38.55,53.63,-1.72
2024-12-26 15:00:00,53.5,55.02,47.48,62.56,-1.52
2024-12-26 16:00:00,59.89,62.11,54.56,69.65,-2.22
2024-12-26 17:00:00,75.91,69.59,62.05,77.13,6.32
2024-12-26 18:00:00,69.22,69.13,61.58,76.67,0.09
2024-12-26 19:00:00,61.09,62.94,55.39,70.48,-1.85
2024-12-26 20:00:00,45.41,47.48,39.94,55.03,-2.07
2024-12-26 21:00:00,37.3,36.71,29.17,44.25,0.59
2024-12-26 22:00:00,30.2,27.02,19.47,34.56,3.18
2024-12-26 23:00:00,14.32,20.34,12.8,27.88,-6.02
2024-12-27 00:00:00,16.18,15.03,7.48,22.57,1.15
2024-12-27 01:00:00,19.81,17.36,9.82,24.9,2.45
2024-12-27 02:00:00,6.47,11.73,4.19,19.27,-5.26
2024-12-27 03:00:00,12.47,16.34,8.8,23.88,-3.87
2024-12-27 04:00:00,17.78,16.9,9.36,24.44,0.88
2024-12-27 05:00:00,27.97,20.49,12.95,28.03,7.48
2024-12-27 06:00:00,30.02,24.88,17.34,32.42,5.14
2024-12-27 07:00:00,27.27,29.27,21.73,36.81,-2.0
2024-12-27 08:00:00,43.23,37.08,29.54,44.62,6.15
2024-12-27 09:00:00,39.88,40.18,32.64,47.72,-0.3
2024-12-27 10:00:00,43.31,43.48,35.94,51.02,-0.17
2024-12-27 11:00:00,44.41,43.45,35.91,50.99,0.96
2024-12-27 12:00:00,48.72,43.56,36.02,51.11,5.16
2024-12-27 13:00:00,34.56,36.8,29.26,44.34,-2.24
2024-12-27 14:00:00,46.47,46.95,39.41,54.5,-0.48
2024-12-27 15:00:00,52.59,56.45,48.9,63.99,-3.86
2024-12-27 16:00:00,64.97,61.73,54.19,69.27,3.24
2024-12-27 17:00:00,73.84,69.08,61.54,76.63,4.76
2024-12-27 18:00:00,75.91,70.77,63.23,78.32,5.14
2024-12-27 19:00:00,54.92,57.96,50.42,65.5,-3.04
2024-12-27 20:00:00,46.46,47.07,39.53,54.62,-0.61
2024-12-27 21:00:00,40.45,33.57,26.03,41.11,6.88
2024-12-27 22:00:00,31.72,29.18,21.64,36.73,2.54
2024-12-27 23:00:00,23.77,23.39,15.85,30.93,0.38
2024-12-28 00:00:00,4.8,5.84,0.0,13.38,-1.04
2024-12-28 01:00:00,13.49,12.42,4.88,19.96,1.07
2024-12-28 02:00:00,8.44,7.96,0.42,15.5,0.48
2024-12-28 03:00:00,8.01,10.72,3.18,18.26,-2.71
2024-12-28 04:00:00,14.3,10.73,3.19,18.27,3.57
2024-12-28 05:00:00,11.72,15.67,8.13,23.21,-3.95
2024-12-28 06:00:00,20.11,14.92,7.38,22.47,5.19
2024-12-28 07:00:00,19.0,24.25,16.71,31.8,-5.25
2024-12-28 08:00:00,28.1,28.96,21.42,36.5,-0.86
2024-12-28 09:00:00,32.77,33.88,26.34,41.42,-1.11
2024-12-28 10:00:00,31.87,35.19,27.65,42.73,-3.32
2024-12-28 11:00:00,39.06,33.33,25.79,40.87,5.73
2024-12-28 12:00:00,41.16,38.51,30.97,46.05,2.65
2024-12-28 13:00:00,41.28,41.86,34.32,49.4,-0.58
2024-12-28 14:00:00,49.9,42.91,35.37,50.45,6.99
2024-12-28 15:00:00,52.25,49.43,41.89,56.97,2.82
2024-12-28 16:00:00,49.63,54.91,47.37,62.45,-5.28
2024-12-28 17:00:00,50.22,60.14,52.59,67.68,-9.92
2024-12-28 18:00:00,57.25,58.36,50.82,65.9,-1.11
2024-12-28 19:00:00,60.69,55.88,48.34,63.43,4.81
2024-12-28 20:00:00,44.07,41.99,34.45,49.53,2.08
2024-12-28 21:00:00,34.52,29.09,21.55,36.64,5.43
2024-12-28 22:00:00,17.15,19.26,11.72,26.8,-2.11
2024-12-28 23:00:00,14.98,15.48,7.94,23.02,-0.5
2024-12-29 00:00:00,10.45,10.52,2.98,18.06,-0.07
2024-12-29 01:00:00,10.66,10.36,2.81,17.9,0.3
2024-12-29 02:00:00,11.07,9.52,1.98,17.06,1.55
2024-12-29 03:00:00,15.6,9.83,2.29,17.37,5.77
2024-12-29 04:00:00,18.7,11.22,3.68,18.76,7.48
2024-12-29 05:00:00,19.31,13.53,5.99,21.07,5.78
2024-12-29 06:00:00,19.82,17.71,10.17,25.26,2.11
2024-12-29 07:00:00,25.17,27.03,19.49,34.57,-1.86
2024-12-29 08:00:00,28.9,30.49,22.95,38.04,-1.59
2024-12-29 09:00:00,35.54,33.01,25.47,40.55,2.53
2024-12-29 10:00:00,35.85,35.78,28.24,43.32,0.07
2024-12-29 11:00:00,31.28,36.08,28.54,43.62,-4.8
2024-12-29 12:00:00,34.21,34.83,27.29,42.37,-0.62
2024-12-29 13:00:00,42.85,40.19,32.64,47.73,2.66
2024-12-29 14:00:00,38.96,41.93,34.39,49.47,-2.97
2024-12-29 15:00:00,43.99,45.18,37.64,52.72,-1.19
2024-12-29 16:00:00,54.79,55.89,48.35,63.44,-1.1
2024-12-29 17:00:00,50.3,54.84,47.3,62.38,-4.54
2024-12-29 18:00:00,61.96,63.73,56.19,71.27,-1.77
2024-12-29 19:00:00,51.67,54.2,46.66,61.74,-2.53
2024-12-29 20:00:00,38.23,41.44,33.9,48.99,-3.21
2024-12-29 21:00:00,27.28,30.68,23.14,38.23,-3.4
2024-12-29 22:00:00,21.21,20.41,12.86,27.95,0.8
2024-12-29 23:00:00,15.27,12.25,4.71,19.79,3.02
2024-12-30 00:00:00,22.67,16.48,8.93,24.02,6.19
2024-12-30 01:00:00,11.05,15.42,7.88,22.96,-4.37
2024-12-30 02:00:00,23.23,16.54,9.0,24.08,6.69
2024-12-30 03:00:00,18.27,16.62,9.08,24.16,1.65
2024-12-30 04:00:00,18.07,20.27,12.73,27.82,-2.2
2024-12-30 05:00:00,19.16,20.38,12.84,27.92,-1.22
2024-12-30 06:00:00,18.33,25.79,18.25,33.33,-7.46
2024-12-30 07:00:00,24.99,30.73,23.19,38.27,-5.74
2024-12-30 08:00:00,43.81,36.97,29.43,44.51,6.84
2024-12-30 09:00:00,40.91,42.56,35.02,50.1,-1.65
2024-12-30 10:00:00,41.85,37.83,30.29,45.37,4.02
2024-12-30 11:00:00,41.82,41.4,33.86,48.95,0.42
2024-12-30 12:00:00,45.65,44.37,36.83,51.92,1.28
2024-12-30 13:00:00,50.36,47.83,40.29,55.37,2.53
2024-12-30 14:00:00,42.8,48.9,41.36,56.44,-6.1
2024-12-30 15:00:00,62.29,55.91,48.37,63.45,6.38
2024-12-30 16:00:00,56.78,57.58,50.04,65.12,-0.8
2024-12-30 17:00:00,68.33,69.03,61.49,76.57,-0.7
2024-12-30 18:00:00,75.29,70.77,63.23,78.31,4.52
2024-12-30 19:00:00,58.58,60.11,52.57,67.65,-1.53
2024-12-30 20:00:00,53.01,49.99,42.45,57.54,3.02
2024-12-30 21:00:00,36.05,35.74,28.2,43.28,0.31
2024-12-30 22:00:00,31.62,27.8,20.25,35.34,3.82
2024-12-30 23:00:00,21.34,22.28,14.74,29.82,-0.94
2024-12-31 00:00:00,15.17,18.31,10.76,25.85,-3.14
2024-12-31 01:00:00,20.76,17.89,10.35,25.43,2.87
2024-12-31 02:00:00,17.8,17.73,10.19,25.27,0.07
2024-12-31 03:00:00,9.41,14.99,7.44,22.53,-5.58
2024-12-31 04:00:00,15.87,12.65,5.11,20.19,3.22
2024-12-31 05:00:00,20.45,21.16,13.62,28.7,-0.71
2024-12-31 06:00:00,27.72,26.05,18.51,33.6,1.67
2024-12-31 07:00:00,29.36,31.44,23.9,38.98,-2.08
2024-12-31 08:00:00,33.55,37.87,30.33,45.42,-4.32
2024-12-31 09:00:00,47.18,41.56,34.02,49.1,5.62
2024-12-31 10:00:00,48.76,43.87,36.33,51.41,4.89
2024-12-31 11:00:00,43.64,43.62,36.07,51.16,0.02
2024-12-31 12:00:00,47.88,43.92,36.37,51.46,3.96
2024-12-31 13:00:00,50.36,45.09,37.55,52.64,5.27
2024-12-31 14:00:00,50.1,48.7,41.16,56.24,1.4
2024-12-31 15:00:00,51.55,55.03,47.49,62.57,-3.48
2024-12-31 16:00:00,64.6,62.05,54.5,69.59,2.55
2024-12-31 17:00:00,73.75,68.88,61.34,76.43,4.87
2024-12-31 18:00:00,71.89,68.1,60.56,75.64,3.79
2024-12-31 19:00:00,64.49,63.22,55.68,70.76,1.27
2024-12-31 20:00:00,55.19,50.64,43.1,58.18,4.55
2024-12-31 21:00:00,34.53,33.55,26.0,41.09,0.98
2024-12-31 22:00:00,33.38,29.13,21.59,36.67,4.25
2024-12-31 23:00:00,29.67,23.22,15.68,30.76,6.45
