station_name,hour,day_name,avg_occupancy,avg_sessions,avg_energy,price_tier,day_order
Airport Terminal,0,Monday,0.07202857142857143,0.8666666666666667,26.339714285714287,Off-Peak 9,1
Airport Terminal,1,Monday,0.036371428571428575,0.4380952380952381,13.252285714285714,Off-Peak 9,1
Airport Terminal,2,Monday,0.030038095238095242,0.3619047619047619,10.849714285714287,Off-Peak 9,1
Airport Terminal,3,Monday,0.022923809523809523,0.2761904761904762,8.363714285714286,Off-Peak 9,1
Airport Terminal,4,Monday,0.0426952380952381,0.5142857142857142,14.916952380952381,Off-Peak 9,1
Airport Terminal,5,Monday,0.11983809523809524,1.438095238095238,42.9547619047619,Off-Peak 9,1
Airport Terminal,6,Monday,0.39849523809523807,4.780952380952381,143.2975238095238,Standard 12.5,1
Airport Terminal,7,Monday,0.8635142857142857,10.361904761904762,311.27390476190476,Surge 22+,1
Airport Terminal,8,Monday,0.996047619047619,11.952380952380953,368.2432380952381,Surge 22+,1
Airport Terminal,9,Monday,0.8865523809523809,10.638095238095238,324.4605714285714,Surge 22+,1
Airport Terminal,10,Monday,0.7381047619047619,8.857142857142858,268.36857142857144,Surge 22+,1
Airport Terminal,11,Monday,0.7714190476190476,9.257142857142858,278.19838095238094,Surge 22+,1
Airport Terminal,12,Monday,0.7254095238095238,8.704761904761904,266.18438095238093,Surge 22+,1
Airport Terminal,13,Monday,0.6810380952380952,8.17142857142857,252.45419047619046,Peak 18,1
Airport Terminal,14,Monday,0.7524285714285713,9.028571428571428,290.092,Surge 22+,1
Airport Terminal,15,Monday,0.8793714285714286,10.552380952380952,308.33990476190473,Surge 22+,1
Airport Terminal,16,Monday,0.9992095238095238,11.99047619047619,356.384380952381,Surge 22+,1
Airport Terminal,17,Monday,1.0,12.0,364.64028571428577,Surge 22+,1
Airport Terminal,18,Monday,0.9984190476190477,11.980952380952381,345.7220952380952,Surge 22+,1
Airport Terminal,19,Monday,0.9023619047619048,10.82857142857143,320.2755238095238,Surge 22+,1
Airport Terminal,20,Monday,0.6349333333333333,7.619047619047619,239.63695238095238,Peak 18,1
Airport Terminal,21,Monday,0.416,4.9904761904761905,147.42514285714284,Standard 12.5,1
Airport Terminal,22,Monday,0.2674,3.2095238095238097,95.45514285714286,Standard 12.5,1
Airport Terminal,23,Monday,0.14775238095238097,1.7714285714285714,53.64180952380953,Off-Peak 9,1
Airport Terminal,0,Tuesday,0.08717142857142858,1.0476190476190477,30.04847619047619,Off-Peak 9,2
Airport Terminal,1,Tuesday,0.043923076923076926,0.5288461538461539,15.217884615384616,Off-Peak 9,2
Airport Terminal,2,Tuesday,0.02234615384615385,0.2692307692307692,7.851538461538461,Off-Peak 9,2
Airport Terminal,3,Tuesday,0.022365384615384617,0.2692307692307692,7.790192307692308,Off-Peak 9,2
Airport Terminal,4,Tuesday,0.033548076923076924,0.40384615384615385,12.366538461538463,Off-Peak 9,2
Airport Terminal,5,Tuesday,0.11774038461538462,1.4134615384615385,42.46423076923077,Off-Peak 9,2
Airport Terminal,6,Tuesday,0.39992307692307694,4.798076923076923,148.37451923076924,Standard 12.5,2
Airport Terminal,7,Tuesday,0.8661826923076923,10.39423076923077,312.3331730769231,Surge 22+,2
Airport Terminal,8,Tuesday,0.9960096153846153,11.951923076923077,358.34134615384613,Surge 22+,2
Airport Terminal,9,Tuesday,0.8870096153846153,10.64423076923077,335.4603846153846,Surge 22+,2
Airport Terminal,10,Tuesday,0.7347980769230769,8.817307692307692,259.5227884615384,Surge 22+,2
Airport Terminal,11,Tuesday,0.7676153846153846,9.211538461538462,280.5506730769231,Surge 22+,2
Airport Terminal,12,Tuesday,0.7212115384615385,8.653846153846153,271.4176923076923,Surge 22+,2
Airport Terminal,13,Tuesday,0.6738942307692307,8.086538461538462,238.1125,Peak 18,2
Airport Terminal,14,Tuesday,0.7492115384615385,8.990384615384615,274.03567307692305,Surge 22+,2
Airport Terminal,15,Tuesday,0.8797980769230769,10.557692307692308,319.84067307692305,Surge 22+,2
Airport Terminal,16,Tuesday,0.9960096153846153,11.951923076923077,362.85153846153844,Surge 22+,2
Airport Terminal,17,Tuesday,1.0,12.0,342.32028846153844,Surge 22+,2
Airport Terminal,18,Tuesday,0.9976057692307693,11.971153846153847,342.85625000000005,Surge 22+,2
Airport Terminal,19,Tuesday,0.8990288461538462,10.788461538461538,332.42855769230766,Surge 22+,2
Airport Terminal,20,Tuesday,0.6370769230769231,7.644230769230769,226.63115384615384,Peak 18,2
Airport Terminal,21,Tuesday,0.42474038461538466,5.096153846153846,148.3766346153846,Standard 12.5,2
Airport Terminal,22,Tuesday,0.2715673076923077,3.2596153846153846,99.93557692307692,Standard 12.5,2
Airport Terminal,23,Tuesday,0.15315384615384617,1.8365384615384615,53.715192307692305,Off-Peak 9,2
Airport Terminal,0,Wednesday,0.08800000000000001,1.0576923076923077,31.453365384615385,Off-Peak 9,3
Airport Terminal,1,Wednesday,0.04391346153846154,0.5288461538461539,16.154326923076923,Off-Peak 9,3
Airport Terminal,2,Wednesday,0.02234615384615385,0.2692307692307692,7.832884615384615,Off-Peak 9,3
Airport Terminal,3,Wednesday,0.020749999999999998,0.25,7.193269230769231,Off-Peak 9,3
Airport Terminal,4,Wednesday,0.032740384615384616,0.3942307692307692,11.854807692307693,Off-Peak 9,3
Airport Terminal,5,Wednesday,0.1225673076923077,1.4711538461538463,43.30346153846154,Off-Peak 9,3
Airport Terminal,6,Wednesday,0.39426923076923076,4.730769230769231,141.95576923076922,Standard 12.5,3
Airport Terminal,7,Wednesday,0.8733653846153846,10.48076923076923,319.1789423076923,Surge 22+,3
Airport Terminal,8,Wednesday,0.9928173076923077,11.913461538461538,373.5289423076923,Surge 22+,3
Airport Terminal,9,Wednesday,0.8926346153846154,10.711538461538462,327.1273076923077,Surge 22+,3
Airport Terminal,10,Wednesday,0.7412115384615384,8.89423076923077,276.6839423076923,Surge 22+,3
Airport Terminal,11,Wednesday,0.7748557692307692,9.298076923076923,281.335,Surge 22+,3
Airport Terminal,12,Wednesday,0.7275865384615384,8.73076923076923,262.55038461538464,Surge 22+,3
Airport Terminal,13,Wednesday,0.6771538461538462,8.125,245.50596153846152,Peak 18,3
Airport Terminal,14,Wednesday,0.7508076923076923,9.009615384615385,268.0175,Surge 22+,3
Airport Terminal,15,Wednesday,0.8749903846153846,10.5,306.77759615384616,Surge 22+,3
Airport Terminal,16,Wednesday,0.9952115384615384,11.942307692307692,358.2475,Surge 22+,3
Airport Terminal,17,Wednesday,1.0,12.0,353.22269230769234,Surge 22+,3
Airport Terminal,18,Wednesday,0.9984038461538461,11.98076923076923,353.09346153846155,Surge 22+,3
Airport Terminal,19,Wednesday,0.9030288461538463,10.836538461538462,330.2464423076923,Surge 22+,3
Airport Terminal,20,Wednesday,0.63625,7.634615384615385,236.64413461538464,Peak 18,3
Airport Terminal,21,Wednesday,0.42876923076923074,5.144230769230769,154.42836538461538,Standard 12.5,3
Airport Terminal,22,Wednesday,0.2619903846153846,3.144230769230769,98.24461538461539,Standard 12.5,3
Airport Terminal,23,Wednesday,0.15717307692307692,1.8846153846153846,56.067499999999995,Off-Peak 9,3
Airport Terminal,0,Thursday,0.08075961538461539,0.9711538461538461,29.67326923076923,Off-Peak 9,4
Airport Terminal,1,Thursday,0.047913461538461544,0.5769230769230769,17.977884615384617,Off-Peak 9,4
Airport Terminal,2,Thursday,0.029528846153846156,0.3557692307692308,10.267980769230768,Off-Peak 9,4
Airport Terminal,3,Thursday,0.020749999999999998,0.25,6.866538461538462,Off-Peak 9,4
Airport Terminal,4,Thursday,0.03831730769230769,0.46153846153846156,14.881153846153847,Off-Peak 9,4
Airport Terminal,5,Thursday,0.11775961538461538,1.4134615384615385,42.82509615384616,Off-Peak 9,4
Airport Terminal,6,Thursday,0.39426923076923076,4.730769230769231,146.90240384615385,Standard 12.5,4
Airport Terminal,7,Thursday,0.8686153846153846,10.423076923076923,316.02846153846156,Surge 22+,4
Airport Terminal,8,Thursday,0.9920192307692308,11.903846153846153,352.0286538461539,Surge 22+,4
Airport Terminal,9,Thursday,0.8878461538461538,10.653846153846153,311.0160576923077,Surge 22+,4
Airport Terminal,10,Thursday,0.7355865384615385,8.826923076923077,251.68548076923076,Surge 22+,4
Airport Terminal,11,Thursday,0.7676730769230768,9.211538461538462,285.11134615384617,Surge 22+,4
Airport Terminal,12,Thursday,0.7228076923076923,8.673076923076923,276.4291346153846,Surge 22+,4
Airport Terminal,13,Thursday,0.6763076923076923,8.115384615384615,254.64942307692309,Peak 18,4
Airport Terminal,14,Thursday,0.7508269230769231,9.009615384615385,272.91365384615386,Surge 22+,4
Airport Terminal,15,Thursday,0.8749519230769232,10.5,320.4849038461538,Surge 22+,4
Airport Terminal,16,Thursday,0.9968076923076924,11.961538461538462,344.56490384615387,Surge 22+,4
Airport Terminal,17,Thursday,1.0,12.0,357.1276923076923,Surge 22+,4
Airport Terminal,18,Thursday,0.996798076923077,11.961538461538462,355.70980769230766,Surge 22+,4
Airport Terminal,19,Thursday,0.8998173076923077,10.798076923076923,318.5189423076923,Surge 22+,4
Airport Terminal,20,Thursday,0.6378269230769231,7.653846153846154,233.75490384615384,Peak 18,4
Airport Terminal,21,Thursday,0.41270192307692305,4.951923076923077,142.97375,Standard 12.5,4
Airport Terminal,22,Thursday,0.2715673076923077,3.2596153846153846,96.24442307692308,Standard 12.5,4
Airport Terminal,23,Thursday,0.1515673076923077,1.8173076923076923,56.57298076923077,Off-Peak 9,4
Airport Terminal,0,Friday,0.07516346153846154,0.9038461538461539,27.554807692307694,Off-Peak 9,5
Airport Terminal,1,Friday,0.043894230769230776,0.5288461538461539,15.413461538461538,Off-Peak 9,5
Airport Terminal,2,Friday,0.03273076923076924,0.3942307692307692,11.872596153846153,Off-Peak 9,5
Airport Terminal,3,Friday,0.013567307692307693,0.16346153846153846,4.740288461538461,Off-Peak 9,5
Airport Terminal,4,Friday,0.03192307692307693,0.38461538461538464,11.178653846153846,Off-Peak 9,5
Airport Terminal,5,Friday,0.10890384615384616,1.3076923076923077,38.254519230769226,Off-Peak 9,5
Airport Terminal,6,Friday,0.39102884615384614,4.6923076923076925,144.54913461538462,Standard 12.5,5
Airport Terminal,7,Friday,0.8733653846153846,10.48076923076923,304.2776923076923,Surge 22+,5
Airport Terminal,8,Friday,0.9928173076923077,11.913461538461538,371.49105769230766,Surge 22+,5
Airport Terminal,9,Friday,0.893451923076923,10.721153846153847,321.4896153846154,Surge 22+,5
Airport Terminal,10,Friday,0.7339807692307693,8.807692307692308,274.1639423076923,Surge 22+,5
Airport Terminal,11,Friday,0.770846153846154,9.25,280.3896153846154,Surge 22+,5
Airport Terminal,12,Friday,0.7251923076923077,8.701923076923077,262.4589423076923,Surge 22+,5
Airport Terminal,13,Friday,0.6739615384615385,8.086538461538462,241.83115384615382,Peak 18,5
Airport Terminal,14,Friday,0.752375,9.028846153846153,257.5373076923077,Surge 22+,5
Airport Terminal,15,Friday,0.8774134615384616,10.528846153846153,322.9775,Surge 22+,5
Airport Terminal,16,Friday,0.9976057692307693,11.971153846153847,373.76192307692304,Surge 22+,5
Airport Terminal,17,Friday,1.0,12.0,372.75038461538463,Surge 22+,5
Airport Terminal,18,Friday,0.9976057692307693,11.971153846153847,359.0683653846154,Surge 22+,5
Airport Terminal,19,Friday,0.8909903846153846,10.692307692307692,321.62278846153845,Surge 22+,5
Airport Terminal,20,Friday,0.6241826923076924,7.490384615384615,226.0614423076923,Peak 18,5
Airport Terminal,21,Friday,0.4191826923076923,5.028846153846154,153.79653846153846,Standard 12.5,5
Airport Terminal,22,Friday,0.26995192307692306,3.2403846153846154,93.77048076923076,Standard 12.5,5
Airport Terminal,23,Friday,0.1450576923076923,1.7403846153846154,52.59115384615385,Off-Peak 9,5
Airport Terminal,0,Saturday,0.06073076923076924,0.7307692307692307,20.726826923076924,Off-Peak 9,6
Airport Terminal,1,Saturday,0.043903846153846154,0.5288461538461539,15.005096153846154,Off-Peak 9,6
Airport Terminal,2,Saturday,0.039125,0.47115384615384615,14.330192307692307,Off-Peak 9,6
Airport Terminal,3,Saturday,0.02873076923076923,0.34615384615384615,10.520096153846152,Off-Peak 9,6
Airport Terminal,4,Saturday,0.03831730769230769,0.46153846153846156,13.308653846153845,Off-Peak 9,6
Airport Terminal,5,Saturday,0.05593269230769231,0.6730769230769231,20.053846153846152,Off-Peak 9,6
Airport Terminal,6,Saturday,0.14918269230769232,1.7884615384615385,55.87509615384616,Off-Peak 9,6
Airport Terminal,7,Saturday,0.30833653846153847,3.701923076923077,110.06557692307692,Standard 12.5,6
Airport Terminal,8,Saturday,0.5311634615384615,6.375,189.56230769230768,Peak 18,6
Airport Terminal,9,Saturday,0.6811153846153846,8.173076923076923,233.31230769230768,Peak 18,6
Airport Terminal,10,Saturday,0.7739999999999999,9.288461538461538,282.0956730769231,Surge 22+,6
Airport Terminal,11,Saturday,0.802875,9.634615384615385,282.01375,Surge 22+,6
Airport Terminal,12,Saturday,0.8661826923076923,10.39423076923077,310.51846153846157,Surge 22+,6
Airport Terminal,13,Saturday,0.818923076923077,9.826923076923077,298.22326923076923,Surge 22+,6
Airport Terminal,14,Saturday,0.7676538461538461,9.211538461538462,278.6931730769231,Surge 22+,6
Airport Terminal,15,Saturday,0.7468269230769231,8.961538461538462,276.38115384615384,Surge 22+,6
Airport Terminal,16,Saturday,0.7964519230769231,9.557692307692308,276.58740384615385,Surge 22+,6
Airport Terminal,17,Saturday,0.903875,10.846153846153847,322.64576923076925,Surge 22+,6
Airport Terminal,18,Saturday,0.9150961538461538,10.98076923076923,327.4052884615385,Surge 22+,6
Airport Terminal,19,Saturday,0.7828653846153847,9.39423076923077,301.9885576923077,Surge 22+,6
Airport Terminal,20,Saturday,0.5912692307692308,7.096153846153846,209.05461538461537,Peak 18,6
Airport Terminal,21,Saturday,0.3942788461538462,4.730769230769231,144.56346153846155,Standard 12.5,6
Airport Terminal,22,Saturday,0.23323076923076924,2.798076923076923,82.26163461538461,Standard 12.5,6
Airport Terminal,23,Saturday,0.12177884615384617,1.4615384615384615,41.127884615384616,Off-Peak 9,6
Airport Terminal,0,Sunday,0.0679326923076923,0.8173076923076923,24.595000000000002,Off-Peak 9,7
Airport Terminal,1,Sunday,0.053480769230769235,0.6442307692307693,18.923942307692307,Off-Peak 9,7
Airport Terminal,2,Sunday,0.027134615384615385,0.3269230769230769,9.729903846153846,Off-Peak 9,7
Airport Terminal,3,Sunday,0.027144230769230768,0.3269230769230769,9.698076923076924,Off-Peak 9,7
Airport Terminal,4,Sunday,0.03832692307692308,0.46153846153846156,13.432596153846154,Off-Peak 9,7
Airport Terminal,5,Sunday,0.06551923076923077,0.7884615384615384,23.06298076923077,Off-Peak 9,7
Airport Terminal,6,Sunday,0.16123076923076923,1.9326923076923077,56.692980769230765,Off-Peak 9,7
Airport Terminal,7,Sunday,0.3099519230769231,3.7211538461538463,113.96567307692308,Standard 12.5,7
Airport Terminal,8,Sunday,0.5271826923076923,6.326923076923077,191.78634615384615,Peak 18,7
Airport Terminal,9,Sunday,0.6819134615384616,8.182692307692308,248.01798076923075,Peak 18,7
Airport Terminal,10,Sunday,0.7620192307692307,9.14423076923077,265.3510576923077,Surge 22+,7
Airport Terminal,11,Sunday,0.8052692307692308,9.663461538461538,283.13971153846154,Surge 22+,7
Airport Terminal,12,Sunday,0.8581826923076924,10.298076923076923,307.9738461538461,Surge 22+,7
Airport Terminal,13,Sunday,0.8116634615384615,9.740384615384615,287.48365384615386,Surge 22+,7
Airport Terminal,14,Sunday,0.767625,9.211538461538462,290.6754807692308,Surge 22+,7
Airport Terminal,15,Sunday,0.7364038461538461,8.836538461538462,254.9278846153846,Surge 22+,7
Airport Terminal,16,Sunday,0.8012692307692307,9.615384615384615,280.8405769230769,Surge 22+,7
Airport Terminal,17,Sunday,0.900625,10.807692307692308,335.6843269230769,Surge 22+,7
Airport Terminal,18,Sunday,0.9070480769230769,10.884615384615385,327.32490384615386,Surge 22+,7
Airport Terminal,19,Sunday,0.7804711538461538,9.365384615384615,264.25625,Surge 22+,7
Airport Terminal,20,Sunday,0.5888846153846153,7.0673076923076925,212.3576923076923,Peak 18,7
Airport Terminal,21,Sunday,0.4047980769230769,4.855769230769231,140.86221153846154,Standard 12.5,7
Airport Terminal,22,Sunday,0.23002884615384617,2.7596153846153846,81.9989423076923,Standard 12.5,7
Airport Terminal,23,Sunday,0.116125,1.3942307692307692,42.423846153846156,Off-Peak 9,7
Downtown Hub,0,Monday,0.058333333333333334,0.4666666666666667,14.361809523809525,Off-Peak 9,1
Downtown Hub,1,Monday,0.02619047619047619,0.20952380952380953,6.489238095238095,Off-Peak 9,1
Downtown Hub,2,Monday,0.015476190476190477,0.12380952380952381,4.275619047619047,Off-Peak 9,1
Downtown Hub,3,Monday,0.008333333333333333,0.06666666666666667,1.9856190476190474,Off-Peak 9,1
Downtown Hub,4,Monday,0.023809523809523808,0.19047619047619047,5.849714285714286,Off-Peak 9,1
Downtown Hub,5,Monday,0.08571428571428572,0.6857142857142857,20.84895238095238,Off-Peak 9,1
Downtown Hub,6,Monday,0.32976190476190476,2.638095238095238,82.42685714285714,Standard 12.5,1
Downtown Hub,7,Monday,0.719047619047619,5.752380952380952,176.5018095238095,Surge 22+,1
Downtown Hub,8,Monday,0.9142857142857143,7.314285714285714,217.53057142857142,Surge 22+,1
Downtown Hub,9,Monday,0.7345238095238096,5.876190476190477,182.508,Surge 22+,1
Downtown Hub,10,Monday,0.5976190476190476,4.780952380952381,138.09876190476191,Peak 18,1
Downtown Hub,11,Monday,0.6309523809523809,5.0476190476190474,157.51904761904763,Peak 18,1
Downtown Hub,12,Monday,0.5892857142857143,4.714285714285714,144.53904761904764,Peak 18,1
Downtown Hub,13,Monday,0.5452380952380952,4.3619047619047615,134.68466666666666,Peak 18,1
Downtown Hub,14,Monday,0.611904761904762,4.895238095238096,142.51314285714284,Peak 18,1
Downtown Hub,15,Monday,0.7285714285714285,5.828571428571428,167.83161904761906,Surge 22+,1
Downtown Hub,16,Monday,0.9273809523809524,7.419047619047619,222.10419047619047,Surge 22+,1
Downtown Hub,17,Monday,0.9821428571428571,7.857142857142857,229.1157142857143,Surge 22+,1
Downtown Hub,18,Monday,0.9238095238095239,7.390476190476191,208.96361904761906,Surge 22+,1
Downtown Hub,19,Monday,0.7464285714285714,5.9714285714285715,181.30857142857144,Surge 22+,1
Downtown Hub,20,Monday,0.5035714285714286,4.0285714285714285,116.85609523809524,Peak 18,1
Downtown Hub,21,Monday,0.3273809523809524,2.619047619047619,78.20552380952381,Standard 12.5,1
Downtown Hub,22,Monday,0.20595238095238094,1.6476190476190475,49.38323809523809,Standard 12.5,1
Downtown Hub,23,Monday,0.10714285714285714,0.8571428571428571,25.08904761904762,Off-Peak 9,1
Downtown Hub,0,Tuesday,0.05357142857142857,0.42857142857142855,14.050380952380952,Off-Peak 9,2
Downtown Hub,1,Tuesday,0.021634615384615384,0.17307692307692307,5.283269230769231,Off-Peak 9,2
Downtown Hub,2,Tuesday,0.019230769230769232,0.15384615384615385,4.6835576923076925,Off-Peak 9,2
Downtown Hub,3,Tuesday,0.01201923076923077,0.09615384615384616,2.6494230769230773,Off-Peak 9,2
Downtown Hub,4,Tuesday,0.013221153846153846,0.10576923076923077,3.395192307692308,Off-Peak 9,2
Downtown Hub,5,Tuesday,0.08052884615384616,0.6442307692307693,19.744423076923077,Off-Peak 9,2
Downtown Hub,6,Tuesday,0.31490384615384615,2.519230769230769,76.66865384615384,Standard 12.5,2
Downtown Hub,7,Tuesday,0.7139423076923077,5.711538461538462,176.92028846153846,Surge 22+,2
Downtown Hub,8,Tuesday,0.8990384615384616,7.1923076923076925,225.92451923076925,Surge 22+,2
Downtown Hub,9,Tuesday,0.7271634615384616,5.8173076923076925,169.8498076923077,Surge 22+,2
Downtown Hub,10,Tuesday,0.6057692307692307,4.846153846153846,145.6714423076923,Peak 18,2
Downtown Hub,11,Tuesday,0.6237980769230769,4.990384615384615,152.54769230769233,Peak 18,2
Downtown Hub,12,Tuesday,0.6081730769230769,4.865384615384615,148.30057692307693,Peak 18,2
Downtown Hub,13,Tuesday,0.5576923076923077,4.461538461538462,132.42990384615385,Peak 18,2
Downtown Hub,14,Tuesday,0.6177884615384616,4.9423076923076925,147.15134615384616,Peak 18,2
Downtown Hub,15,Tuesday,0.7355769230769231,5.884615384615385,176.26038461538462,Surge 22+,2
Downtown Hub,16,Tuesday,0.9194711538461539,7.355769230769231,219.8816346153846,Surge 22+,2
Downtown Hub,17,Tuesday,0.9747596153846154,7.798076923076923,239.20971153846156,Surge 22+,2
Downtown Hub,18,Tuesday,0.9314903846153846,7.451923076923077,220.43778846153845,Surge 22+,2
Downtown Hub,19,Tuesday,0.7463942307692307,5.971153846153846,175.66423076923078,Surge 22+,2
Downtown Hub,20,Tuesday,0.5084134615384616,4.0673076923076925,121.82201923076923,Peak 18,2
Downtown Hub,21,Tuesday,0.33533653846153844,2.6826923076923075,78.67153846153846,Standard 12.5,2
Downtown Hub,22,Tuesday,0.20793269230769232,1.6634615384615385,50.93365384615385,Standard 12.5,2
Downtown Hub,23,Tuesday,0.10096153846153846,0.8076923076923077,24.39923076923077,Off-Peak 9,2
Downtown Hub,0,Wednesday,0.055288461538461536,0.4423076923076923,13.464326923076923,Off-Peak 9,3
Downtown Hub,1,Wednesday,0.03365384615384615,0.2692307692307692,7.809903846153846,Off-Peak 9,3
Downtown Hub,2,Wednesday,0.009615384615384616,0.07692307692307693,2.0740384615384615,Off-Peak 9,3
Downtown Hub,3,Wednesday,0.010817307692307692,0.08653846153846154,2.7985576923076922,Off-Peak 9,3
Downtown Hub,4,Wednesday,0.014423076923076924,0.11538461538461539,3.331442307692308,Off-Peak 9,3
Downtown Hub,5,Wednesday,0.09615384615384616,0.7692307692307693,23.458750000000002,Off-Peak 9,3
Downtown Hub,6,Wednesday,0.3125,2.5,73.31653846153846,Standard 12.5,3
Downtown Hub,7,Wednesday,0.7103365384615384,5.6826923076923075,180.01701923076922,Surge 22+,3
Downtown Hub,8,Wednesday,0.9110576923076923,7.288461538461538,218.46721153846153,Surge 22+,3
Downtown Hub,9,Wednesday,0.734375,5.875,176.88038461538463,Surge 22+,3
Downtown Hub,10,Wednesday,0.6129807692307693,4.903846153846154,145.1360576923077,Peak 18,3
Downtown Hub,11,Wednesday,0.6382211538461539,5.105769230769231,148.9714423076923,Peak 18,3
Downtown Hub,12,Wednesday,0.6057692307692307,4.846153846153846,144.11557692307693,Peak 18,3
Downtown Hub,13,Wednesday,0.5600961538461539,4.480769230769231,136.16307692307694,Peak 18,3
Downtown Hub,14,Wednesday,0.6237980769230769,4.990384615384615,149.64971153846153,Peak 18,3
Downtown Hub,15,Wednesday,0.7259615384615384,5.8076923076923075,173.68336538461537,Surge 22+,3
Downtown Hub,16,Wednesday,0.9194711538461539,7.355769230769231,229.43875,Surge 22+,3
Downtown Hub,17,Wednesday,0.9747596153846154,7.798076923076923,229.65028846153848,Surge 22+,3
Downtown Hub,18,Wednesday,0.9387019230769231,7.509615384615385,220.16269230769228,Surge 22+,3
Downtown Hub,19,Wednesday,0.7427884615384616,5.9423076923076925,175.4942307692308,Surge 22+,3
Downtown Hub,20,Wednesday,0.5192307692307693,4.153846153846154,126.01721153846155,Peak 18,3
Downtown Hub,21,Wednesday,0.3401442307692308,2.7211538461538463,79.58173076923077,Standard 12.5,3
Downtown Hub,22,Wednesday,0.203125,1.625,48.09182692307692,Standard 12.5,3
Downtown Hub,23,Wednesday,0.109375,0.875,26.973365384615384,Off-Peak 9,3
Downtown Hub,0,Thursday,0.05048076923076923,0.40384615384615385,11.568846153846154,Off-Peak 9,4
Downtown Hub,1,Thursday,0.030048076923076924,0.2403846153846154,7.3088461538461535,Off-Peak 9,4
Downtown Hub,2,Thursday,0.02283653846153846,0.18269230769230768,5.379230769230769,Off-Peak 9,4
Downtown Hub,3,Thursday,0.013221153846153846,0.10576923076923077,3.28375,Off-Peak 9,4
Downtown Hub,4,Thursday,0.014423076923076924,0.11538461538461539,3.617019230769231,Off-Peak 9,4
Downtown Hub,5,Thursday,0.0829326923076923,0.6634615384615384,20.38692307692308,Off-Peak 9,4
Downtown Hub,6,Thursday,0.3125,2.5,74.20971153846155,Standard 12.5,4
Downtown Hub,7,Thursday,0.7259615384615384,5.8076923076923075,170.08634615384614,Surge 22+,4
Downtown Hub,8,Thursday,0.9038461538461539,7.230769230769231,218.37355769230768,Surge 22+,4
Downtown Hub,9,Thursday,0.7367788461538461,5.894230769230769,179.60163461538463,Surge 22+,4
Downtown Hub,10,Thursday,0.6153846153846154,4.923076923076923,147.97692307692307,Peak 18,4
Downtown Hub,11,Thursday,0.6346153846153846,5.076923076923077,146.42115384615383,Peak 18,4
Downtown Hub,12,Thursday,0.6081730769230769,4.865384615384615,140.29009615384615,Peak 18,4
Downtown Hub,13,Thursday,0.5552884615384616,4.4423076923076925,141.76961538461538,Peak 18,4
Downtown Hub,14,Thursday,0.6189903846153846,4.951923076923077,152.35826923076922,Peak 18,4
Downtown Hub,15,Thursday,0.7163461538461539,5.730769230769231,167.84240384615384,Surge 22+,4
Downtown Hub,16,Thursday,0.9314903846153846,7.451923076923077,221.23557692307693,Surge 22+,4
Downtown Hub,17,Thursday,0.9831730769230769,7.865384615384615,230.3966346153846,Surge 22+,4
Downtown Hub,18,Thursday,0.9326923076923077,7.461538461538462,227.81317307692308,Surge 22+,4
Downtown Hub,19,Thursday,0.7560096153846154,6.048076923076923,179.21076923076922,Surge 22+,4
Downtown Hub,20,Thursday,0.515625,4.125,127.90826923076924,Peak 18,4
Downtown Hub,21,Thursday,0.3269230769230769,2.6153846153846154,79.14163461538462,Standard 12.5,4
Downtown Hub,22,Thursday,0.21634615384615385,1.7307692307692308,48.98778846153846,Standard 12.5,4
Downtown Hub,23,Thursday,0.10096153846153846,0.8076923076923077,25.522403846153846,Off-Peak 9,4
Downtown Hub,0,Friday,0.054086538461538464,0.4326923076923077,13.978557692307692,Off-Peak 9,5
Downtown Hub,1,Friday,0.037259615384615384,0.2980769230769231,9.867788461538462,Off-Peak 9,5
Downtown Hub,2,Friday,0.009615384615384616,0.07692307692307693,2.2109615384615386,Off-Peak 9,5
Downtown Hub,3,Friday,0.018028846153846152,0.14423076923076922,4.632692307692308,Off-Peak 9,5
Downtown Hub,4,Friday,0.02283653846153846,0.18269230769230768,5.543461538461538,Off-Peak 9,5
Downtown Hub,5,Friday,0.07932692307692307,0.6346153846153846,18.353653846153847,Off-Peak 9,5
Downtown Hub,6,Friday,0.31009615384615385,2.480769230769231,73.57653846153846,Standard 12.5,5
Downtown Hub,7,Friday,0.7115384615384616,5.6923076923076925,167.59201923076924,Surge 22+,5
Downtown Hub,8,Friday,0.90625,7.25,212.10057692307691,Surge 22+,5
Downtown Hub,9,Friday,0.7355769230769231,5.884615384615385,173.86557692307693,Surge 22+,5
Downtown Hub,10,Friday,0.5865384615384616,4.6923076923076925,153.6743269230769,Peak 18,5
Downtown Hub,11,Friday,0.6358173076923077,5.086538461538462,151.44057692307692,Peak 18,5
Downtown Hub,12,Friday,0.5949519230769231,4.759615384615385,148.64653846153846,Peak 18,5
Downtown Hub,13,Friday,0.5492788461538461,4.394230769230769,130.50682692307691,Peak 18,5
Downtown Hub,14,Friday,0.6298076923076923,5.038461538461538,153.9178846153846,Peak 18,5
Downtown Hub,15,Friday,0.7319711538461539,5.855769230769231,174.65653846153845,Surge 22+,5
Downtown Hub,16,Friday,0.9182692307692307,7.346153846153846,216.0370192307692,Surge 22+,5
Downtown Hub,17,Friday,0.9819711538461539,7.855769230769231,240.52653846153845,Surge 22+,5
Downtown Hub,18,Friday,0.9290865384615384,7.4326923076923075,230.46326923076924,Surge 22+,5
Downtown Hub,19,Friday,0.7475961538461539,5.980769230769231,182.1180769230769,Surge 22+,5
Downtown Hub,20,Friday,0.5252403846153846,4.201923076923077,119.28807692307693,Peak 18,5
Downtown Hub,21,Friday,0.33052884615384615,2.644230769230769,83.33557692307691,Standard 12.5,5
Downtown Hub,22,Friday,0.21514423076923078,1.7211538461538463,47.50307692307692,Standard 12.5,5
Downtown Hub,23,Friday,0.09735576923076923,0.7788461538461539,21.98096153846154,Off-Peak 9,5
Downtown Hub,0,Saturday,0.028846153846153848,0.23076923076923078,7.038076923076924,Off-Peak 9,6
Downtown Hub,1,Saturday,0.021634615384615384,0.17307692307692307,5.250865384615385,Off-Peak 9,6
Downtown Hub,2,Saturday,0.016826923076923076,0.1346153846153846,4.537307692307692,Off-Peak 9,6
Downtown Hub,3,Saturday,0.021634615384615384,0.17307692307692307,5.413749999999999,Off-Peak 9,6
Downtown Hub,4,Saturday,0.016826923076923076,0.1346153846153846,3.7744230769230764,Off-Peak 9,6
Downtown Hub,5,Saturday,0.037259615384615384,0.2980769230769231,8.552692307692308,Off-Peak 9,6
Downtown Hub,6,Saturday,0.09975961538461539,0.7980769230769231,24.343846153846155,Off-Peak 9,6
Downtown Hub,7,Saturday,0.24879807692307693,1.9903846153846154,57.75115384615385,Standard 12.5,6
Downtown Hub,8,Saturday,0.421875,3.375,107.34961538461539,Standard 12.5,6
Downtown Hub,9,Saturday,0.5600961538461539,4.480769230769231,137.7376923076923,Peak 18,6
Downtown Hub,10,Saturday,0.6322115384615384,5.0576923076923075,150.09144230769232,Peak 18,6
Downtown Hub,11,Saturday,0.6574519230769231,5.259615384615385,153.4785576923077,Peak 18,6
Downtown Hub,12,Saturday,0.7079326923076923,5.663461538461538,175.63596153846154,Surge 22+,6
Downtown Hub,13,Saturday,0.6766826923076923,5.413461538461538,169.24173076923077,Peak 18,6
Downtown Hub,14,Saturday,0.6370192307692307,5.096153846153846,155.11173076923077,Peak 18,6
Downtown Hub,15,Saturday,0.6045673076923077,4.836538461538462,146.05836538461537,Peak 18,6
Downtown Hub,16,Saturday,0.6538461538461539,5.230769230769231,159.13807692307694,Peak 18,6
Downtown Hub,17,Saturday,0.7632211538461539,6.105769230769231,186.64740384615385,Surge 22+,6
Downtown Hub,18,Saturday,0.765625,6.125,181.78134615384613,Surge 22+,6
Downtown Hub,19,Saturday,0.6538461538461539,5.230769230769231,160.28596153846155,Peak 18,6
Downtown Hub,20,Saturday,0.4735576923076923,3.7884615384615383,117.24105769230769,Standard 12.5,6
Downtown Hub,21,Saturday,0.31850961538461536,2.548076923076923,76.23298076923076,Standard 12.5,6
Downtown Hub,22,Saturday,0.17067307692307693,1.3653846153846154,42.00798076923077,Off-Peak 9,6
Downtown Hub,23,Saturday,0.06370192307692307,0.5096153846153846,15.350769230769231,Off-Peak 9,6
Downtown Hub,0,Sunday,0.03245192307692308,0.25961538461538464,7.618846153846154,Off-Peak 9,7
Downtown Hub,1,Sunday,0.027644230769230768,0.22115384615384615,6.751346153846153,Off-Peak 9,7
Downtown Hub,2,Sunday,0.02403846153846154,0.19230769230769232,5.882884615384616,Off-Peak 9,7
Downtown Hub,3,Sunday,0.018028846153846152,0.14423076923076922,4.505865384615385,Off-Peak 9,7
Downtown Hub,4,Sunday,0.016826923076923076,0.1346153846153846,4.5360576923076925,Off-Peak 9,7
Downtown Hub,5,Sunday,0.03125,0.25,6.594903846153846,Off-Peak 9,7
Downtown Hub,6,Sunday,0.11538461538461539,0.9230769230769231,28.82221153846154,Off-Peak 9,7
Downtown Hub,7,Sunday,0.23798076923076922,1.9038461538461537,56.126826923076926,Standard 12.5,7
Downtown Hub,8,Sunday,0.421875,3.375,99.41403846153845,Standard 12.5,7
Downtown Hub,9,Sunday,0.5600961538461539,4.480769230769231,135.0514423076923,Peak 18,7
Downtown Hub,10,Sunday,0.6382211538461539,5.105769230769231,147.10913461538462,Peak 18,7
Downtown Hub,11,Sunday,0.6574519230769231,5.259615384615385,152.7525,Peak 18,7
Downtown Hub,12,Sunday,0.7079326923076923,5.663461538461538,172.77817307692308,Surge 22+,7
Downtown Hub,13,Sunday,0.6646634615384616,5.3173076923076925,158.1594230769231,Peak 18,7
Downtown Hub,14,Sunday,0.6358173076923077,5.086538461538462,154.86192307692306,Peak 18,7
Downtown Hub,15,Sunday,0.5997596153846154,4.798076923076923,143.87778846153847,Peak 18,7
Downtown Hub,16,Sunday,0.6454326923076923,5.163461538461538,149.46778846153845,Peak 18,7
Downtown Hub,17,Sunday,0.7644230769230769,6.115384615384615,189.55711538461537,Surge 22+,7
Downtown Hub,18,Sunday,0.7680288461538461,6.144230769230769,175.91355769230768,Surge 22+,7
Downtown Hub,19,Sunday,0.6646634615384616,5.3173076923076925,160.22432692307694,Peak 18,7
Downtown Hub,20,Sunday,0.49759615384615385,3.980769230769231,119.25201923076922,Standard 12.5,7
Downtown Hub,21,Sunday,0.31850961538461536,2.548076923076923,78.10576923076923,Standard 12.5,7
Downtown Hub,22,Sunday,0.16346153846153846,1.3076923076923077,40.22711538461538,Off-Peak 9,7
Downtown Hub,23,Sunday,0.06610576923076923,0.5288461538461539,14.951153846153847,Off-Peak 9,7
Residential Zone A,0,Monday,0.02619047619047619,0.10476190476190476,3.2346666666666666,Off-Peak 9,1
Residential Zone A,1,Monday,0.014285714285714285,0.05714285714285714,1.621047619047619,Off-Peak 9,1
Residential Zone A,2,Monday,0.004761904761904762,0.01904761904761905,0.33514285714285713,Off-Peak 9,1
Residential Zone A,3,Monday,0.007142857142857143,0.02857142857142857,0.7873333333333333,Off-Peak 9,1
Residential Zone A,4,Monday,0.016666666666666666,0.06666666666666667,1.6714285714285715,Off-Peak 9,1
Residential Zone A,5,Monday,0.03571428571428571,0.14285714285714285,4.477904761904762,Off-Peak 9,1
Residential Zone A,6,Monday,0.10238095238095238,0.4095238095238095,12.967142857142857,Off-Peak 9,1
Residential Zone A,7,Monday,0.319047619047619,1.276190476190476,37.802190476190475,Standard 12.5,1
Residential Zone A,8,Monday,0.4452380952380952,1.7809523809523808,53.46028571428571,Standard 12.5,1
Residential Zone A,9,Monday,0.3404761904761905,1.361904761904762,40.292952380952386,Standard 12.5,1
Residential Zone A,10,Monday,0.24523809523809523,0.9809523809523809,30.85361904761905,Standard 12.5,1
Residential Zone A,11,Monday,0.2833333333333333,1.1333333333333333,33.76009523809524,Standard 12.5,1
Residential Zone A,12,Monday,0.2714285714285714,1.0857142857142856,33.65723809523809,Standard 12.5,1
Residential Zone A,13,Monday,0.23809523809523808,0.9523809523809523,27.120952380952378,Standard 12.5,1
Residential Zone A,14,Monday,0.25476190476190474,1.019047619047619,30.715142857142858,Standard 12.5,1
Residential Zone A,15,Monday,0.3333333333333333,1.3333333333333333,38.108000000000004,Standard 12.5,1
Residential Zone A,16,Monday,0.44761904761904764,1.7904761904761906,52.09438095238095,Standard 12.5,1
Residential Zone A,17,Monday,0.5357142857142857,2.142857142857143,66.194,Peak 18,1
Residential Zone A,18,Monday,0.44285714285714284,1.7714285714285714,53.63095238095238,Standard 12.5,1
Residential Zone A,19,Monday,0.3476190476190476,1.3904761904761904,42.633714285714284,Standard 12.5,1
Residential Zone A,20,Monday,0.2119047619047619,0.8476190476190476,26.085238095238093,Standard 12.5,1
Residential Zone A,21,Monday,0.10714285714285714,0.42857142857142855,12.364761904761904,Off-Peak 9,1
Residential Zone A,22,Monday,0.04523809523809524,0.18095238095238095,5.474857142857143,Off-Peak 9,1
Residential Zone A,23,Monday,0.02857142857142857,0.11428571428571428,3.492666666666667,Off-Peak 9,1
Residential Zone A,0,Tuesday,0.023809523809523808,0.09523809523809523,2.4795238095238097,Off-Peak 9,2
Residential Zone A,1,Tuesday,0.014423076923076924,0.057692307692307696,1.3033653846153845,Off-Peak 9,2
Residential Zone A,2,Tuesday,0.009615384615384616,0.038461538461538464,1.1701923076923078,Off-Peak 9,2
Residential Zone A,3,Tuesday,0.009615384615384616,0.038461538461538464,1.185576923076923,Off-Peak 9,2
Residential Zone A,4,Tuesday,0.004807692307692308,0.019230769230769232,0.5727884615384615,Off-Peak 9,2
Residential Zone A,5,Tuesday,0.009615384615384616,0.038461538461538464,1.4231730769230768,Off-Peak 9,2
Residential Zone A,6,Tuesday,0.11298076923076923,0.4519230769230769,13.469903846153844,Off-Peak 9,2
Residential Zone A,7,Tuesday,0.3293269230769231,1.3173076923076923,40.46096153846153,Standard 12.5,2
Residential Zone A,8,Tuesday,0.4519230769230769,1.8076923076923077,54.44423076923077,Standard 12.5,2
Residential Zone A,9,Tuesday,0.3317307692307692,1.3269230769230769,40.942596153846154,Standard 12.5,2
Residential Zone A,10,Tuesday,0.28125,1.125,34.20932692307692,Standard 12.5,2
Residential Zone A,11,Tuesday,0.27163461538461536,1.0865384615384615,33.373173076923074,Standard 12.5,2
Residential Zone A,12,Tuesday,0.25240384615384615,1.0096153846153846,29.82278846153846,Standard 12.5,2
Residential Zone A,13,Tuesday,0.2283653846153846,0.9134615384615384,27.327692307692306,Standard 12.5,2
Residential Zone A,14,Tuesday,0.25961538461538464,1.0384615384615385,30.802692307692308,Standard 12.5,2
Residential Zone A,15,Tuesday,0.31971153846153844,1.2788461538461537,36.10153846153846,Standard 12.5,2
Residential Zone A,16,Tuesday,0.4831730769230769,1.9326923076923077,58.03711538461538,Standard 12.5,2
Residential Zone A,17,Tuesday,0.5168269230769231,2.0673076923076925,61.18913461538462,Peak 18,2
Residential Zone A,18,Tuesday,0.4543269230769231,1.8173076923076923,59.346923076923076,Standard 12.5,2
Residential Zone A,19,Tuesday,0.33413461538461536,1.3365384615384615,38.95961538461539,Standard 12.5,2
Residential Zone A,20,Tuesday,0.23317307692307693,0.9326923076923077,28.930192307692305,Standard 12.5,2
Residential Zone A,21,Tuesday,0.12259615384615384,0.49038461538461536,14.303942307692306,Off-Peak 9,2
Residential Zone A,22,Tuesday,0.0625,0.25,7.12875,Off-Peak 9,2
Residential Zone A,23,Tuesday,0.03125,0.125,3.718461538461538,Off-Peak 9,2
Residential Zone A,0,Wednesday,0.028846153846153848,0.11538461538461539,3.2893269230769233,Off-Peak 9,3
Residential Zone A,1,Wednesday,0.016826923076923076,0.0673076923076923,2.3122115384615385,Off-Peak 9,3
Residential Zone A,2,Wednesday,0.002403846153846154,0.009615384615384616,0.3443269230769231,Off-Peak 9,3
Residential Zone A,3,Wednesday,0.014423076923076924,0.057692307692307696,1.8833653846153846,Off-Peak 9,3
Residential Zone A,4,Wednesday,0.009615384615384616,0.038461538461538464,1.1087500000000001,Off-Peak 9,3
Residential Zone A,5,Wednesday,0.021634615384615384,0.08653846153846154,2.4759615384615383,Off-Peak 9,3
Residential Zone A,6,Wednesday,0.11057692307692307,0.4423076923076923,12.868076923076924,Off-Peak 9,3
Residential Zone A,7,Wednesday,0.3317307692307692,1.3269230769230769,39.14346153846154,Standard 12.5,3
Residential Zone A,8,Wednesday,0.43990384615384615,1.7596153846153846,52.864423076923075,Standard 12.5,3
Residential Zone A,9,Wednesday,0.3293269230769231,1.3173076923076923,39.62663461538462,Standard 12.5,3
Residential Zone A,10,Wednesday,0.2932692307692308,1.1730769230769231,34.01663461538462,Standard 12.5,3
Residential Zone A,11,Wednesday,0.2932692307692308,1.1730769230769231,35.777596153846154,Standard 12.5,3
Residential Zone A,12,Wednesday,0.2644230769230769,1.0576923076923077,30.307980769230767,Standard 12.5,3
Residential Zone A,13,Wednesday,0.22596153846153846,0.9038461538461539,27.388461538461538,Standard 12.5,3
Residential Zone A,14,Wednesday,0.2692307692307692,1.0769230769230769,31.786538461538463,Standard 12.5,3
Residential Zone A,15,Wednesday,0.33653846153846156,1.3461538461538463,41.04701923076924,Standard 12.5,3
Residential Zone A,16,Wednesday,0.44711538461538464,1.7884615384615385,53.19471153846154,Standard 12.5,3
Residential Zone A,17,Wednesday,0.5240384615384616,2.0961538461538463,64.39086538461538,Peak 18,3
Residential Zone A,18,Wednesday,0.47596153846153844,1.9038461538461537,56.32355769230769,Standard 12.5,3
Residential Zone A,19,Wednesday,0.3629807692307692,1.4519230769230769,41.98692307692308,Standard 12.5,3
Residential Zone A,20,Wednesday,0.21153846153846154,0.8461538461538461,24.640865384615385,Standard 12.5,3
Residential Zone A,21,Wednesday,0.0985576923076923,0.3942307692307692,12.021826923076922,Off-Peak 9,3
Residential Zone A,22,Wednesday,0.06009615384615385,0.2403846153846154,6.2907692307692304,Off-Peak 9,3
Residential Zone A,23,Wednesday,0.026442307692307692,0.10576923076923077,3.1784615384615384,Off-Peak 9,3
Residential Zone A,0,Thursday,0.016826923076923076,0.0673076923076923,1.8098076923076922,Off-Peak 9,4
Residential Zone A,1,Thursday,0.01201923076923077,0.04807692307692308,1.5118269230769232,Off-Peak 9,4
Residential Zone A,2,Thursday,0.016826923076923076,0.0673076923076923,1.7628846153846154,Off-Peak 9,4
Residential Zone A,3,Thursday,0.007211538461538462,0.028846153846153848,0.9738461538461538,Off-Peak 9,4
Residential Zone A,4,Thursday,0.016826923076923076,0.0673076923076923,2.333076923076923,Off-Peak 9,4
Residential Zone A,5,Thursday,0.021634615384615384,0.08653846153846154,2.676057692307692,Off-Peak 9,4
Residential Zone A,6,Thursday,0.09134615384615384,0.36538461538461536,10.835769230769232,Off-Peak 9,4
Residential Zone A,7,Thursday,0.33413461538461536,1.3365384615384615,38.93673076923077,Standard 12.5,4
Residential Zone A,8,Thursday,0.4639423076923077,1.8557692307692308,55.00788461538461,Standard 12.5,4
Residential Zone A,9,Thursday,0.3557692307692308,1.4230769230769231,41.06096153846154,Standard 12.5,4
Residential Zone A,10,Thursday,0.2692307692307692,1.0769230769230769,32.393365384615386,Standard 12.5,4
Residential Zone A,11,Thursday,0.28125,1.125,32.47894230769231,Standard 12.5,4
Residential Zone A,12,Thursday,0.2091346153846154,0.8365384615384616,23.82519230769231,Standard 12.5,4
Residential Zone A,13,Thursday,0.22596153846153846,0.9038461538461539,26.223365384615384,Standard 12.5,4
Residential Zone A,14,Thursday,0.25721153846153844,1.0288461538461537,32.00923076923077,Standard 12.5,4
Residential Zone A,15,Thursday,0.3245192307692308,1.2980769230769231,40.31634615384615,Standard 12.5,4
Residential Zone A,16,Thursday,0.44711538461538464,1.7884615384615385,52.245673076923076,Standard 12.5,4
Residential Zone A,17,Thursday,0.5432692307692307,2.173076923076923,64.64538461538461,Peak 18,4
Residential Zone A,18,Thursday,0.4639423076923077,1.8557692307692308,56.16826923076923,Standard 12.5,4
Residential Zone A,19,Thursday,0.34134615384615385,1.3653846153846154,41.2025,Standard 12.5,4
Residential Zone A,20,Thursday,0.2283653846153846,0.9134615384615384,25.014615384615386,Standard 12.5,4
Residential Zone A,21,Thursday,0.10576923076923077,0.4230769230769231,12.828269230769232,Off-Peak 9,4
Residential Zone A,22,Thursday,0.040865384615384616,0.16346153846153846,4.712211538461538,Off-Peak 9,4
Residential Zone A,23,Thursday,0.036057692307692304,0.14423076923076922,4.519807692307692,Off-Peak 9,4
Residential Zone A,0,Friday,0.007211538461538462,0.028846153846153848,1.0380769230769231,Off-Peak 9,5
Residential Zone A,1,Friday,0.002403846153846154,0.009615384615384616,0.3359615384615384,Off-Peak 9,5
Residential Zone A,2,Friday,0.004807692307692308,0.019230769230769232,0.5933653846153846,Off-Peak 9,5
Residential Zone A,3,Friday,0.014423076923076924,0.057692307692307696,1.3324999999999998,Off-Peak 9,5
Residential Zone A,4,Friday,0.007211538461538462,0.028846153846153848,0.8682692307692308,Off-Peak 9,5
Residential Zone A,5,Friday,0.026442307692307692,0.10576923076923077,3.102307692307692,Off-Peak 9,5
Residential Zone A,6,Friday,0.09375,0.375,10.57201923076923,Off-Peak 9,5
Residential Zone A,7,Friday,0.34134615384615385,1.3653846153846154,40.28028846153846,Standard 12.5,5
Residential Zone A,8,Friday,0.4543269230769231,1.8173076923076923,54.85788461538462,Standard 12.5,5
Residential Zone A,9,Friday,0.31971153846153844,1.2788461538461537,39.527692307692305,Standard 12.5,5
Residential Zone A,10,Friday,0.2548076923076923,1.0192307692307692,29.6825,Standard 12.5,5
Residential Zone A,11,Friday,0.2956730769230769,1.1826923076923077,33.19557692307693,Standard 12.5,5
Residential Zone A,12,Friday,0.2764423076923077,1.1057692307692308,32.72615384615385,Standard 12.5,5
Residential Zone A,13,Friday,0.22115384615384615,0.8846153846153846,25.35875,Standard 12.5,5
Residential Zone A,14,Friday,0.27884615384615385,1.1153846153846154,31.29,Standard 12.5,5
Residential Zone A,15,Friday,0.3485576923076923,1.3942307692307692,43.12442307692307,Standard 12.5,5
Residential Zone A,16,Friday,0.46634615384615385,1.8653846153846154,56.04615384615385,Standard 12.5,5
Residential Zone A,17,Friday,0.5384615384615384,2.1538461538461537,64.21875,Peak 18,5
Residential Zone A,18,Friday,0.46153846153846156,1.8461538461538463,53.799326923076926,Standard 12.5,5
Residential Zone A,19,Friday,0.3581730769230769,1.4326923076923077,43.559615384615384,Standard 12.5,5
Residential Zone A,20,Friday,0.19471153846153846,0.7788461538461539,22.704711538461538,Off-Peak 9,5
Residential Zone A,21,Friday,0.11778846153846154,0.47115384615384615,13.908942307692307,Off-Peak 9,5
Residential Zone A,22,Friday,0.04567307692307692,0.18269230769230768,5.564134615384615,Off-Peak 9,5
Residential Zone A,23,Friday,0.02403846153846154,0.09615384615384616,2.186346153846154,Off-Peak 9,5
Residential Zone A,0,Saturday,0.01201923076923077,0.04807692307692308,1.5478846153846155,Off-Peak 9,6
Residential Zone A,1,Saturday,0.014423076923076924,0.057692307692307696,1.9270192307692307,Off-Peak 9,6
Residential Zone A,2,Saturday,0.009615384615384616,0.038461538461538464,1.1340384615384616,Off-Peak 9,6
Residential Zone A,3,Saturday,0.009615384615384616,0.038461538461538464,1.110673076923077,Off-Peak 9,6
Residential Zone A,4,Saturday,0.007211538461538462,0.028846153846153848,0.9666346153846154,Off-Peak 9,6
Residential Zone A,5,Saturday,0.014423076923076924,0.057692307692307696,1.6578846153846156,Off-Peak 9,6
Residential Zone A,6,Saturday,0.021634615384615384,0.08653846153846154,2.5060576923076923,Off-Peak 9,6
Residential Zone A,7,Saturday,0.0889423076923077,0.3557692307692308,10.376538461538463,Off-Peak 9,6
Residential Zone A,8,Saturday,0.1778846153846154,0.7115384615384616,21.326153846153847,Off-Peak 9,6
Residential Zone A,9,Saturday,0.2692307692307692,1.0769230769230769,32.23538461538462,Standard 12.5,6
Residential Zone A,10,Saturday,0.28365384615384615,1.1346153846153846,34.074903846153845,Standard 12.5,6
Residential Zone A,11,Saturday,0.2932692307692308,1.1730769230769231,35.64990384615385,Standard 12.5,6
Residential Zone A,12,Saturday,0.3293269230769231,1.3173076923076923,41.27384615384615,Standard 12.5,6
Residential Zone A,13,Saturday,0.27884615384615385,1.1153846153846154,31.862403846153846,Standard 12.5,6
Residential Zone A,14,Saturday,0.2860576923076923,1.1442307692307692,34.69394230769231,Standard 12.5,6
Residential Zone A,15,Saturday,0.25721153846153844,1.0288461538461537,29.667980769230766,Standard 12.5,6
Residential Zone A,16,Saturday,0.2980769230769231,1.1923076923076923,35.332499999999996,Standard 12.5,6
Residential Zone A,17,Saturday,0.36538461538461536,1.4615384615384615,43.1175,Standard 12.5,6
Residential Zone A,18,Saturday,0.3605769230769231,1.4423076923076923,43.579519230769236,Standard 12.5,6
Residential Zone A,19,Saturday,0.2932692307692308,1.1730769230769231,34.60230769230769,Standard 12.5,6
Residential Zone A,20,Saturday,0.19951923076923078,0.7980769230769231,23.633653846153848,Off-Peak 9,6
Residential Zone A,21,Saturday,0.12259615384615384,0.49038461538461536,15.40471153846154,Off-Peak 9,6
Residential Zone A,22,Saturday,0.06009615384615385,0.2403846153846154,7.251346153846153,Off-Peak 9,6
Residential Zone A,23,Saturday,0.021634615384615384,0.08653846153846154,2.793269230769231,Off-Peak 9,6
Residential Zone A,0,Sunday,0.016826923076923076,0.0673076923076923,2.086923076923077,Off-Peak 9,7
Residential Zone A,1,Sunday,0.009615384615384616,0.038461538461538464,1.0614423076923076,Off-Peak 9,7
Residential Zone A,2,Sunday,0.007211538461538462,0.028846153846153848,0.8289423076923076,Off-Peak 9,7
Residential Zone A,3,Sunday,0.01201923076923077,0.04807692307692308,1.5889423076923077,Off-Peak 9,7
Residential Zone A,4,Sunday,0.01201923076923077,0.04807692307692308,1.6376923076923076,Off-Peak 9,7
Residential Zone A,5,Sunday,0.03365384615384615,0.1346153846153846,4.1999038461538465,Off-Peak 9,7
Residential Zone A,6,Sunday,0.028846153846153848,0.11538461538461539,3.203173076923077,Off-Peak 9,7
Residential Zone A,7,Sunday,0.0889423076923077,0.3557692307692308,9.567884615384616,Off-Peak 9,7
Residential Zone A,8,Sunday,0.18028846153846154,0.7211538461538461,23.114807692307693,Off-Peak 9,7
Residential Zone A,9,Sunday,0.24278846153846154,0.9711538461538461,28.97451923076923,Standard 12.5,7
Residential Zone A,10,Sunday,0.2644230769230769,1.0576923076923077,32.64,Standard 12.5,7
Residential Zone A,11,Sunday,0.2956730769230769,1.1826923076923077,36.17903846153846,Standard 12.5,7
Residential Zone A,12,Sunday,0.31490384615384615,1.2596153846153846,38.574807692307694,Standard 12.5,7
Residential Zone A,13,Sunday,0.3076923076923077,1.2307692307692308,36.97519230769231,Standard 12.5,7
Residential Zone A,14,Sunday,0.2644230769230769,1.0576923076923077,33.25769230769231,Standard 12.5,7
Residential Zone A,15,Sunday,0.2620192307692308,1.0480769230769231,32.801923076923075,Standard 12.5,7
Residential Zone A,16,Sunday,0.28125,1.125,33.770096153846154,Standard 12.5,7
Residential Zone A,17,Sunday,0.3701923076923077,1.4807692307692308,45.96144230769231,Standard 12.5,7
Residential Zone A,18,Sunday,0.3557692307692308,1.4230769230769231,45.21413461538462,Standard 12.5,7
Residential Zone A,19,Sunday,0.28365384615384615,1.1346153846153846,34.56278846153846,Standard 12.5,7
Residential Zone A,20,Sunday,0.20192307692307693,0.8076923076923077,24.035288461538464,Standard 12.5,7
Residential Zone A,21,Sunday,0.11778846153846154,0.47115384615384615,14.916346153846153,Off-Peak 9,7
Residential Zone A,22,Sunday,0.04326923076923077,0.17307692307692307,5.148557692307692,Off-Peak 9,7
Residential Zone A,23,Sunday,0.03365384615384615,0.1346153846153846,4.1283653846153845,Off-Peak 9,7
Shopping Mall North,0,Monday,0.07333333333333333,0.7333333333333333,22.860666666666667,Off-Peak 9,1
Shopping Mall North,1,Monday,0.037142857142857144,0.37142857142857144,11.125238095238096,Off-Peak 9,1
Shopping Mall North,2,Monday,0.020952380952380955,0.20952380952380953,6.068857142857143,Off-Peak 9,1
Shopping Mall North,3,Monday,0.01142857142857143,0.11428571428571428,3.404666666666667,Off-Peak 9,1
Shopping Mall North,4,Monday,0.021904761904761906,0.21904761904761905,6.296857142857142,Off-Peak 9,1
Shopping Mall North,5,Monday,0.09714285714285716,0.9714285714285714,29.139047619047616,Off-Peak 9,1
Shopping Mall North,6,Monday,0.36,3.6,117.91609523809524,Standard 12.5,1
Shopping Mall North,7,Monday,0.8057142857142858,8.057142857142857,245.07561904761903,Surge 22+,1
Shopping Mall North,8,Monday,0.9666666666666667,9.666666666666666,292.84085714285715,Surge 22+,1
Shopping Mall North,9,Monday,0.8180952380952381,8.18095238095238,259.45314285714284,Surge 22+,1
Shopping Mall North,10,Monday,0.6666666666666666,6.666666666666667,198.13552380952382,Peak 18,1
Shopping Mall North,11,Monday,0.7028571428571428,7.0285714285714285,215.06933333333333,Surge 22+,1
Shopping Mall North,12,Monday,0.6580952380952381,6.580952380952381,190.94314285714285,Peak 18,1
Shopping Mall North,13,Monday,0.618095238095238,6.180952380952381,186.22504761904761,Peak 18,1
Shopping Mall North,14,Monday,0.6780952380952381,6.780952380952381,203.2641904761905,Peak 18,1
Shopping Mall North,15,Monday,0.8028571428571428,8.028571428571428,233.45790476190479,Surge 22+,1
Shopping Mall North,16,Monday,0.9714285714285714,9.714285714285714,282.6359047619048,Surge 22+,1
Shopping Mall North,17,Monday,0.9990476190476191,9.99047619047619,299.80228571428574,Surge 22+,1
Shopping Mall North,18,Monday,0.9838095238095238,9.838095238095239,295.3900952380952,Surge 22+,1
Shopping Mall North,19,Monday,0.8314285714285714,8.314285714285715,251.23914285714287,Surge 22+,1
Shopping Mall North,20,Monday,0.5819047619047619,5.819047619047619,177.89485714285715,Peak 18,1
Shopping Mall North,21,Monday,0.38571428571428573,3.857142857142857,113.32933333333334,Standard 12.5,1
Shopping Mall North,22,Monday,0.24,2.4,72.97,Standard 12.5,1
Shopping Mall North,23,Monday,0.12952380952380954,1.2952380952380953,36.897523809523804,Off-Peak 9,1
Shopping Mall North,0,Tuesday,0.07047619047619048,0.7047619047619048,20.71152380952381,Off-Peak 9,2
Shopping Mall North,1,Tuesday,0.019230769230769232,0.19230769230769232,5.79625,Off-Peak 9,2
Shopping Mall North,2,Tuesday,0.021153846153846155,0.21153846153846154,6.227596153846154,Off-Peak 9,2
Shopping Mall North,3,Tuesday,0.016346153846153847,0.16346153846153846,5.130288461538461,Off-Peak 9,2
Shopping Mall North,4,Tuesday,0.031730769230769236,0.3173076923076923,10.225480769230769,Off-Peak 9,2
Shopping Mall North,5,Tuesday,0.08846153846153847,0.8846153846153846,27.468653846153845,Off-Peak 9,2
Shopping Mall North,6,Tuesday,0.35096153846153844,3.5096153846153846,101.70980769230769,Standard 12.5,2
Shopping Mall North,7,Tuesday,0.7846153846153846,7.846153846153846,241.91221153846152,Surge 22+,2
Shopping Mall North,8,Tuesday,0.9721153846153846,9.721153846153847,284.2523076923077,Surge 22+,2
Shopping Mall North,9,Tuesday,0.8048076923076923,8.048076923076923,240.46846153846155,Surge 22+,2
Shopping Mall North,10,Tuesday,0.6730769230769231,6.730769230769231,209.4575,Peak 18,2
Shopping Mall North,11,Tuesday,0.7048076923076922,7.048076923076923,214.9848076923077,Surge 22+,2
Shopping Mall North,12,Tuesday,0.6519230769230769,6.519230769230769,194.22355769230768,Peak 18,2
Shopping Mall North,13,Tuesday,0.6211538461538461,6.211538461538462,182.68557692307692,Peak 18,2
Shopping Mall North,14,Tuesday,0.6913461538461537,6.913461538461538,212.80048076923077,Peak 18,2
Shopping Mall North,15,Tuesday,0.7951923076923078,7.951923076923077,237.80682692307693,Surge 22+,2
Shopping Mall North,16,Tuesday,0.9798076923076924,9.798076923076923,286.81009615384613,Surge 22+,2
Shopping Mall North,17,Tuesday,0.9980769230769231,9.98076923076923,313.84932692307694,Surge 22+,2
Shopping Mall North,18,Tuesday,0.9817307692307692,9.817307692307692,290.2260576923077,Surge 22+,2
Shopping Mall North,19,Tuesday,0.8201923076923077,8.201923076923077,239.92865384615382,Surge 22+,2
Shopping Mall North,20,Tuesday,0.5682692307692307,5.6826923076923075,169.1932692307692,Peak 18,2
Shopping Mall North,21,Tuesday,0.3903846153846154,3.9038461538461537,114.48980769230769,Standard 12.5,2
Shopping Mall North,22,Tuesday,0.23846153846153847,2.3846153846153846,70.74153846153845,Standard 12.5,2
Shopping Mall North,23,Tuesday,0.1346153846153846,1.3461538461538463,41.44903846153846,Off-Peak 9,2
Shopping Mall North,0,Wednesday,0.06538461538461539,0.6538461538461539,19.771442307692308,Off-Peak 9,3
Shopping Mall North,1,Wednesday,0.037500000000000006,0.375,11.739807692307693,Off-Peak 9,3
Shopping Mall North,2,Wednesday,0.019230769230769232,0.19230769230769232,5.948942307692308,Off-Peak 9,3
Shopping Mall North,3,Wednesday,0.015384615384615385,0.15384615384615385,3.859615384615385,Off-Peak 9,3
Shopping Mall North,4,Wednesday,0.031730769230769236,0.3173076923076923,9.528653846153846,Off-Peak 9,3
Shopping Mall North,5,Wednesday,0.10673076923076924,1.0673076923076923,32.51615384615384,Off-Peak 9,3
Shopping Mall North,6,Wednesday,0.34423076923076923,3.4423076923076925,96.63836538461538,Standard 12.5,3
Shopping Mall North,7,Wednesday,0.8,8.0,234.53576923076923,Surge 22+,3
Shopping Mall North,8,Wednesday,0.9740384615384615,9.740384615384615,292.0406730769231,Surge 22+,3
Shopping Mall North,9,Wednesday,0.823076923076923,8.23076923076923,234.12096153846156,Surge 22+,3
Shopping Mall North,10,Wednesday,0.6701923076923078,6.701923076923077,201.8055769230769,Peak 18,3
Shopping Mall North,11,Wednesday,0.6990384615384616,6.990384615384615,204.095,Peak 18,3
Shopping Mall North,12,Wednesday,0.6663461538461538,6.663461538461538,206.1666346153846,Peak 18,3
Shopping Mall North,13,Wednesday,0.6221153846153846,6.221153846153846,183.1628846153846,Peak 18,3
Shopping Mall North,14,Wednesday,0.6903846153846154,6.903846153846154,193.45528846153846,Peak 18,3
Shopping Mall North,15,Wednesday,0.8048076923076923,8.048076923076923,242.26519230769233,Surge 22+,3
Shopping Mall North,16,Wednesday,0.9750000000000001,9.75,301.5986538461538,Surge 22+,3
Shopping Mall North,17,Wednesday,0.9951923076923077,9.951923076923077,303.08384615384614,Surge 22+,3
Shopping Mall North,18,Wednesday,0.9807692307692307,9.807692307692308,287.19990384615386,Surge 22+,3
Shopping Mall North,19,Wednesday,0.8374999999999999,8.375,259.75,Surge 22+,3
Shopping Mall North,20,Wednesday,0.5836538461538461,5.836538461538462,180.60740384615386,Peak 18,3
Shopping Mall North,21,Wednesday,0.3826923076923077,3.826923076923077,115.50076923076924,Standard 12.5,3
Shopping Mall North,22,Wednesday,0.23461538461538461,2.3461538461538463,72.20442307692308,Standard 12.5,3
Shopping Mall North,23,Wednesday,0.1346153846153846,1.3461538461538463,41.926923076923075,Off-Peak 9,3
Shopping Mall North,0,Thursday,0.0673076923076923,0.6730769230769231,20.455865384615382,Off-Peak 9,4
Shopping Mall North,1,Thursday,0.035576923076923075,0.3557692307692308,10.818750000000001,Off-Peak 9,4
Shopping Mall North,2,Thursday,0.03365384615384615,0.33653846153846156,9.941923076923077,Off-Peak 9,4
Shopping Mall North,3,Thursday,0.01826923076923077,0.18269230769230768,4.737980769230769,Off-Peak 9,4
Shopping Mall North,4,Thursday,0.020192307692307693,0.20192307692307693,5.769230769230769,Off-Peak 9,4
Shopping Mall North,5,Thursday,0.10673076923076924,1.0673076923076923,30.950961538461538,Off-Peak 9,4
Shopping Mall North,6,Thursday,0.3490384615384615,3.4903846153846154,108.27134615384615,Standard 12.5,4
Shopping Mall North,7,Thursday,0.8038461538461538,8.038461538461538,233.71807692307692,Surge 22+,4
Shopping Mall North,8,Thursday,0.9701923076923078,9.701923076923077,282.8346153846154,Surge 22+,4
Shopping Mall North,9,Thursday,0.8173076923076923,8.173076923076923,235.4725,Surge 22+,4
Shopping Mall North,10,Thursday,0.675,6.75,207.51971153846154,Peak 18,4
Shopping Mall North,11,Thursday,0.7048076923076922,7.048076923076923,212.86182692307693,Surge 22+,4
Shopping Mall North,12,Thursday,0.6548076923076922,6.548076923076923,204.255,Peak 18,4
Shopping Mall North,13,Thursday,0.6163461538461538,6.163461538461538,188.2598076923077,Peak 18,4
Shopping Mall North,14,Thursday,0.6778846153846154,6.778846153846154,208.92278846153846,Peak 18,4
Shopping Mall North,15,Thursday,0.8057692307692308,8.057692307692308,243.99875,Surge 22+,4
Shopping Mall North,16,Thursday,0.9826923076923078,9.826923076923077,288.2890384615385,Surge 22+,4
Shopping Mall North,17,Thursday,0.9971153846153846,9.971153846153847,305.7021153846154,Surge 22+,4
Shopping Mall North,18,Thursday,0.9750000000000001,9.75,284.42423076923075,Surge 22+,4
Shopping Mall North,19,Thursday,0.8259615384615385,8.259615384615385,248.39557692307693,Surge 22+,4
Shopping Mall North,20,Thursday,0.5673076923076923,5.673076923076923,168.74990384615387,Peak 18,4
Shopping Mall North,21,Thursday,0.375,3.75,114.03740384615384,Standard 12.5,4
Shopping Mall North,22,Thursday,0.23653846153846156,2.3653846153846154,67.18682692307692,Standard 12.5,4
Shopping Mall North,23,Thursday,0.13365384615384615,1.3365384615384615,39.947596153846156,Off-Peak 9,4
Shopping Mall North,0,Friday,0.06538461538461539,0.6538461538461539,19.329423076923078,Off-Peak 9,5
Shopping Mall North,1,Friday,0.041346153846153845,0.41346153846153844,12.643942307692308,Off-Peak 9,5
Shopping Mall North,2,Friday,0.020192307692307693,0.20192307692307693,5.17576923076923,Off-Peak 9,5
Shopping Mall North,3,Friday,0.019230769230769232,0.19230769230769232,5.526538461538461,Off-Peak 9,5
Shopping Mall North,4,Friday,0.041346153846153845,0.41346153846153844,11.737403846153846,Off-Peak 9,5
Shopping Mall North,5,Friday,0.10673076923076924,1.0673076923076923,30.585576923076925,Off-Peak 9,5
Shopping Mall North,6,Friday,0.35192307692307695,3.519230769230769,107.78942307692309,Standard 12.5,5
Shopping Mall North,7,Friday,0.7826923076923078,7.826923076923077,235.82884615384617,Surge 22+,5
Shopping Mall North,8,Friday,0.9692307692307692,9.692307692307692,296.05134615384617,Surge 22+,5
Shopping Mall North,9,Friday,0.8269230769230769,8.26923076923077,242.30884615384613,Surge 22+,5
Shopping Mall North,10,Friday,0.6730769230769231,6.730769230769231,208.10836538461538,Peak 18,5
Shopping Mall North,11,Friday,0.7096153846153845,7.096153846153846,218.55971153846153,Surge 22+,5
Shopping Mall North,12,Friday,0.6692307692307692,6.6923076923076925,207.95576923076925,Peak 18,5
Shopping Mall North,13,Friday,0.6153846153846154,6.153846153846154,186.01884615384614,Peak 18,5
Shopping Mall North,14,Friday,0.6846153846153846,6.846153846153846,209.13788461538462,Peak 18,5
Shopping Mall North,15,Friday,0.8076923076923077,8.076923076923077,231.67932692307693,Surge 22+,5
Shopping Mall North,16,Friday,0.9730769230769231,9.73076923076923,295.2603846153846,Surge 22+,5
Shopping Mall North,17,Friday,0.9990384615384615,9.990384615384615,290.78625,Surge 22+,5
Shopping Mall North,18,Friday,0.9769230769230769,9.76923076923077,275.4398076923077,Surge 22+,5
Shopping Mall North,19,Friday,0.8182692307692307,8.182692307692308,248.8991346153846,Surge 22+,5
Shopping Mall North,20,Friday,0.5682692307692307,5.6826923076923075,160.83923076923077,Peak 18,5
Shopping Mall North,21,Friday,0.3903846153846154,3.9038461538461537,118.56413461538462,Standard 12.5,5
Shopping Mall North,22,Friday,0.23365384615384616,2.3365384615384617,73.10259615384615,Standard 12.5,5
Shopping Mall North,23,Friday,0.12884615384615386,1.2884615384615385,35.63028846153846,Off-Peak 9,5
Shopping Mall North,0,Saturday,0.052884615384615384,0.5288461538461539,14.614615384615385,Off-Peak 9,6
Shopping Mall North,1,Saturday,0.02980769230769231,0.2980769230769231,8.679134615384616,Off-Peak 9,6
Shopping Mall North,2,Saturday,0.025,0.25,7.773461538461539,Off-Peak 9,6
Shopping Mall North,3,Saturday,0.022115384615384617,0.22115384615384615,6.611634615384616,Off-Peak 9,6
Shopping Mall North,4,Saturday,0.019230769230769232,0.19230769230769232,5.909230769230769,Off-Peak 9,6
Shopping Mall North,5,Saturday,0.052884615384615384,0.5288461538461539,15.118461538461538,Off-Peak 9,6
Shopping Mall North,6,Saturday,0.12980769230769232,1.2980769230769231,37.91201923076923,Off-Peak 9,6
Shopping Mall North,7,Saturday,0.27019230769230773,2.701923076923077,84.02653846153846,Standard 12.5,6
Shopping Mall North,8,Saturday,0.4807692307692308,4.8076923076923075,144.96125,Standard 12.5,6
Shopping Mall North,9,Saturday,0.6124999999999999,6.125,176.69875,Peak 18,6
Shopping Mall North,10,Saturday,0.7028846153846153,7.028846153846154,211.49028846153848,Surge 22+,6
Shopping Mall North,11,Saturday,0.7403846153846154,7.403846153846154,215.1710576923077,Surge 22+,6
Shopping Mall North,12,Saturday,0.7846153846153846,7.846153846153846,236.1148076923077,Surge 22+,6
Shopping Mall North,13,Saturday,0.7451923076923077,7.451923076923077,229.07259615384615,Surge 22+,6
Shopping Mall North,14,Saturday,0.6990384615384616,6.990384615384615,219.22115384615384,Peak 18,6
Shopping Mall North,15,Saturday,0.6798076923076923,6.798076923076923,208.3239423076923,Peak 18,6
Shopping Mall North,16,Saturday,0.7201923076923078,7.201923076923077,215.29461538461538,Surge 22+,6
Shopping Mall North,17,Saturday,0.8461538461538461,8.461538461538462,245.61298076923077,Surge 22+,6
Shopping Mall North,18,Saturday,0.8413461538461539,8.413461538461538,244.84596153846152,Surge 22+,6
Shopping Mall North,19,Saturday,0.7250000000000001,7.25,220.4291346153846,Surge 22+,6
Shopping Mall North,20,Saturday,0.5336538461538461,5.336538461538462,154.0481730769231,Peak 18,6
Shopping Mall North,21,Saturday,0.3586538461538462,3.5865384615384617,109.19394230769231,Standard 12.5,6
Shopping Mall North,22,Saturday,0.21250000000000002,2.125,64.25634615384615,Standard 12.5,6
Shopping Mall North,23,Saturday,0.10480769230769231,1.0480769230769231,32.57163461538461,Off-Peak 9,6
Shopping Mall North,0,Sunday,0.049038461538461545,0.49038461538461536,15.728173076923078,Off-Peak 9,7
Shopping Mall North,1,Sunday,0.035576923076923075,0.3557692307692308,10.41701923076923,Off-Peak 9,7
Shopping Mall North,2,Sunday,0.025961538461538463,0.25961538461538464,7.8085576923076925,Off-Peak 9,7
Shopping Mall North,3,Sunday,0.01826923076923077,0.18269230769230768,5.226538461538461,Off-Peak 9,7
Shopping Mall North,4,Sunday,0.03365384615384615,0.33653846153846156,10.182307692307692,Off-Peak 9,7
Shopping Mall North,5,Sunday,0.04711538461538462,0.47115384615384615,13.329038461538461,Off-Peak 9,7
Shopping Mall North,6,Sunday,0.13173076923076923,1.3173076923076923,39.53394230769231,Off-Peak 9,7
Shopping Mall North,7,Sunday,0.2778846153846154,2.7788461538461537,81.75326923076923,Standard 12.5,7
Shopping Mall North,8,Sunday,0.47980769230769227,4.798076923076923,147.30990384615384,Standard 12.5,7
Shopping Mall North,9,Sunday,0.6365384615384616,6.365384615384615,189.3725,Peak 18,7
Shopping Mall North,10,Sunday,0.7028846153846153,7.028846153846154,203.98548076923078,Surge 22+,7
Shopping Mall North,11,Sunday,0.7346153846153847,7.346153846153846,212.66740384615383,Surge 22+,7
Shopping Mall North,12,Sunday,0.7903846153846155,7.903846153846154,251.02673076923077,Surge 22+,7
Shopping Mall North,13,Sunday,0.7490384615384615,7.490384615384615,227.37509615384613,Surge 22+,7
Shopping Mall North,14,Sunday,0.7124999999999999,7.125,215.03009615384616,Surge 22+,7
Shopping Mall North,15,Sunday,0.6596153846153846,6.596153846153846,195.11423076923077,Peak 18,7
Shopping Mall North,16,Sunday,0.7375,7.375,218.10221153846155,Surge 22+,7
Shopping Mall North,17,Sunday,0.8317307692307693,8.317307692307692,261.5322115384615,Surge 22+,7
Shopping Mall North,18,Sunday,0.8442307692307692,8.442307692307692,252.49509615384616,Surge 22+,7
Shopping Mall North,19,Sunday,0.7182692307692308,7.1826923076923075,211.49355769230772,Surge 22+,7
Shopping Mall North,20,Sunday,0.5471153846153846,5.471153846153846,165.13567307692307,Peak 18,7
Shopping Mall North,21,Sunday,0.3596153846153846,3.5961538461538463,107.52634615384615,Standard 12.5,7
Shopping Mall North,22,Sunday,0.2048076923076923,2.048076923076923,64.56663461538461,Standard 12.5,7
Shopping Mall North,23,Sunday,0.09711538461538463,0.9711538461538461,30.31875,Off-Peak 9,7
Tech Park East,0,Monday,0.025438095238095242,0.1523809523809524,4.091619047619048,Off-Peak 9,1
Tech Park East,1,Monday,0.011133333333333334,0.06666666666666667,1.8543809523809522,Off-Peak 9,1
Tech Park East,2,Monday,0.007952380952380954,0.047619047619047616,1.3645714285714285,Off-Peak 9,1
Tech Park East,3,Monday,0.011133333333333334,0.06666666666666667,2.030857142857143,Off-Peak 9,1
Tech Park East,4,Monday,0.02385714285714286,0.14285714285714285,4.115523809523809,Off-Peak 9,1
Tech Park East,5,Monday,0.05406666666666667,0.3238095238095238,9.62047619047619,Off-Peak 9,1
Tech Park East,6,Monday,0.2302095238095238,1.380952380952381,41.50342857142857,Standard 12.5,1
Tech Park East,7,Monday,0.5620095238095238,3.3714285714285714,99.2984761904762,Peak 18,1
Tech Park East,8,Monday,0.7349428571428571,4.40952380952381,130.51466666666667,Surge 22+,1
Tech Park East,9,Monday,0.5778761904761904,3.466666666666667,104.72990476190476,Peak 18,1
Tech Park East,10,Monday,0.474552380952381,2.8476190476190477,86.19019047619047,Standard 12.5,1
Tech Park East,11,Monday,0.4936190476190476,2.961904761904762,89.69638095238096,Standard 12.5,1
Tech Park East,12,Monday,0.4538952380952381,2.723809523809524,81.54314285714287,Standard 12.5,1
Tech Park East,13,Monday,0.4268857142857143,2.5619047619047617,80.5492380952381,Standard 12.5,1
Tech Park East,14,Monday,0.4809333333333333,2.8857142857142857,86.90180952380953,Standard 12.5,1
Tech Park East,15,Monday,0.5826380952380953,3.4952380952380953,112.06390476190475,Peak 18,1
Tech Park East,16,Monday,0.7429238095238095,4.457142857142857,135.48742857142858,Surge 22+,1
Tech Park East,17,Monday,0.8411142857142857,5.0476190476190474,149.20542857142857,Surge 22+,1
Tech Park East,18,Monday,0.7444666666666666,4.466666666666667,138.96980952380952,Surge 22+,1
Tech Park East,19,Monday,0.6001142857142857,3.6,107.2147619047619,Peak 18,1
Tech Park East,20,Monday,0.3934857142857143,2.361904761904762,68.14028571428571,Standard 12.5,1
Tech Park East,21,Monday,0.24446666666666667,1.4666666666666666,44.63647619047619,Standard 12.5,1
Tech Park East,22,Monday,0.14305714285714285,0.8571428571428571,25.642190476190475,Off-Peak 9,1
Tech Park East,23,Monday,0.07157142857142858,0.42857142857142855,11.790285714285714,Off-Peak 9,1
Tech Park East,0,Tuesday,0.022266666666666667,0.13333333333333333,3.616952380952381,Off-Peak 9,2
Tech Park East,1,Tuesday,0.014451923076923077,0.08653846153846154,3.001346153846154,Off-Peak 9,2
Tech Park East,2,Tuesday,0.016057692307692308,0.09615384615384616,3.119326923076923,Off-Peak 9,2
Tech Park East,3,Tuesday,0.01766346153846154,0.10576923076923077,2.8171153846153847,Off-Peak 9,2
Tech Park East,4,Tuesday,0.008028846153846154,0.04807692307692308,1.4728846153846153,Off-Peak 9,2
Tech Park East,5,Tuesday,0.04977884615384616,0.2980769230769231,8.953365384615385,Off-Peak 9,2
Tech Park East,6,Tuesday,0.21962500000000001,1.3173076923076923,42.10923076923076,Standard 12.5,2
Tech Park East,7,Tuesday,0.5625865384615385,3.375,103.15115384615385,Peak 18,2
Tech Park East,8,Tuesday,0.7307788461538463,4.384615384615385,129.79125000000002,Surge 22+,2
Tech Park East,9,Tuesday,0.58025,3.480769230769231,104.14028846153846,Peak 18,2
Tech Park East,10,Tuesday,0.4646730769230769,2.7884615384615383,81.37346153846154,Standard 12.5,2
Tech Park East,11,Tuesday,0.49839423076923073,2.9903846153846154,85.47692307692309,Standard 12.5,2
Tech Park East,12,Tuesday,0.4727019230769231,2.8365384615384617,82.49153846153847,Standard 12.5,2
Tech Park East,13,Tuesday,0.43419230769230766,2.605769230769231,78.58125,Standard 12.5,2
Tech Park East,14,Tuesday,0.48715384615384616,2.923076923076923,81.01096153846153,Standard 12.5,2
Tech Park East,15,Tuesday,0.5802596153846153,3.480769230769231,100.25528846153846,Peak 18,2
Tech Park East,16,Tuesday,0.7467596153846153,4.480769230769231,134.35682692307694,Surge 22+,2
Tech Park East,17,Tuesday,0.8476057692307692,5.086538461538462,157.17096153846154,Surge 22+,2
Tech Park East,18,Tuesday,0.7563653846153847,4.538461538461538,138.31269230769232,Surge 22+,2
Tech Park East,19,Tuesday,0.5770480769230769,3.4615384615384617,100.27096153846153,Peak 18,2
Tech Park East,20,Tuesday,0.4037019230769231,2.423076923076923,71.4560576923077,Standard 12.5,2
Tech Park East,21,Tuesday,0.25160576923076927,1.5096153846153846,47.79951923076923,Standard 12.5,2
Tech Park East,22,Tuesday,0.14278846153846156,0.8557692307692307,25.144519230769234,Off-Peak 9,2
Tech Park East,23,Tuesday,0.06422115384615384,0.38461538461538464,11.924423076923079,Off-Peak 9,2
Tech Park East,0,Wednesday,0.05457692307692308,0.3269230769230769,9.772307692307693,Off-Peak 9,3
Tech Park East,1,Wednesday,0.009634615384615384,0.057692307692307696,1.7576923076923079,Off-Peak 9,3
Tech Park East,2,Wednesday,0.016057692307692308,0.09615384615384616,3.051057692307692,Off-Peak 9,3
Tech Park East,3,Wednesday,0.014451923076923077,0.08653846153846154,2.48125,Off-Peak 9,3
Tech Park East,4,Wednesday,0.02248076923076923,0.1346153846153846,4.134038461538461,Off-Peak 9,3
Tech Park East,5,Wednesday,0.05136538461538462,0.3076923076923077,9.033076923076923,Off-Peak 9,3
Tech Park East,6,Wednesday,0.21799038461538464,1.3076923076923077,39.830576923076926,Standard 12.5,3
Tech Park East,7,Wednesday,0.5785961538461538,3.4711538461538463,102.81028846153846,Peak 18,3
Tech Park East,8,Wednesday,0.7403557692307692,4.4423076923076925,131.65451923076924,Surge 22+,3
Tech Park East,9,Wednesday,0.5753846153846154,3.451923076923077,101.26346153846154,Peak 18,3
Tech Park East,10,Wednesday,0.46950000000000003,2.8173076923076925,84.12759615384616,Standard 12.5,3
Tech Park East,11,Wednesday,0.5,3.0,90.93490384615384,Standard 12.5,3
Tech Park East,12,Wednesday,0.4550384615384615,2.730769230769231,80.18009615384615,Standard 12.5,3
Tech Park East,13,Wednesday,0.4374038461538462,2.625,82.91269230769231,Standard 12.5,3
Tech Park East,14,Wednesday,0.48073076923076924,2.8846153846153846,90.51490384615384,Standard 12.5,3
Tech Park East,15,Wednesday,0.5689903846153846,3.4134615384615383,100.95990384615385,Peak 18,3
Tech Park East,16,Wednesday,0.7483846153846153,4.490384615384615,136.34990384615384,Surge 22+,3
Tech Park East,17,Wednesday,0.8492788461538462,5.096153846153846,152.61346153846154,Surge 22+,3
Tech Park East,18,Wednesday,0.7644134615384615,4.586538461538462,134.84201923076924,Surge 22+,3
Tech Park East,19,Wednesday,0.597923076923077,3.5865384615384617,109.73269230769232,Peak 18,3
Tech Park East,20,Wednesday,0.41329807692307696,2.480769230769231,76.79932692307692,Standard 12.5,3
Tech Park East,21,Wednesday,0.25002884615384613,1.5,46.149230769230776,Standard 12.5,3
Tech Park East,22,Wednesday,0.15083653846153847,0.9038461538461539,26.10653846153846,Off-Peak 9,3
Tech Park East,23,Wednesday,0.05457692307692308,0.3269230769230769,10.078846153846154,Off-Peak 9,3
Tech Park East,0,Thursday,0.03531730769230769,0.21153846153846154,6.089230769230769,Off-Peak 9,4
Tech Park East,1,Thursday,0.02248076923076923,0.1346153846153846,4.23375,Off-Peak 9,4
Tech Park East,2,Thursday,0.014451923076923077,0.08653846153846154,2.589519230769231,Off-Peak 9,4
Tech Park East,3,Thursday,0.011240384615384616,0.0673076923076923,1.9113461538461538,Off-Peak 9,4
Tech Park East,4,Thursday,0.014451923076923077,0.08653846153846154,2.633365384615385,Off-Peak 9,4
Tech Park East,5,Thursday,0.046557692307692314,0.27884615384615385,8.327692307692308,Off-Peak 9,4
Tech Park East,6,Thursday,0.23082692307692307,1.3846153846153846,41.43144230769231,Standard 12.5,4
Tech Park East,7,Thursday,0.5609711538461538,3.3653846153846154,98.97057692307693,Peak 18,4
Tech Park East,8,Thursday,0.7499807692307693,4.5,135.45701923076925,Surge 22+,4
Tech Park East,9,Thursday,0.5818653846153846,3.4903846153846154,104.6864423076923,Peak 18,4
Tech Park East,10,Thursday,0.4550384615384615,2.730769230769231,81.28653846153846,Standard 12.5,4
Tech Park East,11,Thursday,0.5224615384615384,3.1346153846153846,90.85134615384617,Peak 18,4
Tech Park East,12,Thursday,0.4694903846153846,2.8173076923076925,86.08596153846155,Standard 12.5,4
Tech Park East,13,Thursday,0.4245769230769231,2.548076923076923,78.08951923076924,Standard 12.5,4
Tech Park East,14,Thursday,0.49197115384615386,2.951923076923077,84.02269230769231,Standard 12.5,4
Tech Park East,15,Thursday,0.5866346153846154,3.519230769230769,109.36682692307691,Peak 18,4
Tech Park East,16,Thursday,0.74675,4.480769230769231,138.0464423076923,Surge 22+,4
Tech Park East,17,Thursday,0.8444326923076922,5.0673076923076925,149.6314423076923,Surge 22+,4
Tech Park East,18,Thursday,0.7499903846153846,4.5,136.3653846153846,Surge 22+,4
Tech Park East,19,Thursday,0.5930961538461539,3.5576923076923075,104.77451923076923,Peak 18,4
Tech Park East,20,Thursday,0.4085096153846154,2.451923076923077,75.2151923076923,Standard 12.5,4
Tech Park East,21,Thursday,0.24355769230769234,1.4615384615384615,44.82403846153846,Standard 12.5,4
Tech Park East,22,Thursday,0.14765384615384616,0.8846153846153846,26.83653846153846,Off-Peak 9,4
Tech Park East,23,Thursday,0.06582692307692307,0.3942307692307692,12.111442307692307,Off-Peak 9,4
Tech Park East,0,Friday,0.024086538461538465,0.14423076923076922,4.071826923076923,Off-Peak 9,5
Tech Park East,1,Friday,0.01766346153846154,0.10576923076923077,3.2278846153846152,Off-Peak 9,5
Tech Park East,2,Friday,0.011240384615384616,0.0673076923076923,2.161538461538462,Off-Peak 9,5
Tech Park East,3,Friday,0.014451923076923077,0.08653846153846154,2.703076923076923,Off-Peak 9,5
Tech Park East,4,Friday,0.012846153846153847,0.07692307692307693,2.488942307692308,Off-Peak 9,5
Tech Park East,5,Friday,0.04174038461538462,0.25,7.176057692307692,Off-Peak 9,5
Tech Park East,6,Friday,0.23399038461538463,1.4038461538461537,42.56009615384615,Standard 12.5,5
Tech Park East,7,Friday,0.5641826923076924,3.3846153846153846,94.28221153846154,Peak 18,5
Tech Park East,8,Friday,0.7355576923076923,4.413461538461538,133.6473076923077,Surge 22+,5
Tech Park East,9,Friday,0.5786442307692308,3.4711538461538463,104.88596153846153,Peak 18,5
Tech Park East,10,Friday,0.4743076923076923,2.8461538461538463,84.94615384615385,Standard 12.5,5
Tech Park East,11,Friday,0.4935673076923077,2.9615384615384617,88.70365384615386,Standard 12.5,5
Tech Park East,12,Friday,0.4662788461538462,2.798076923076923,83.65653846153847,Standard 12.5,5
Tech Park East,13,Friday,0.42936538461538465,2.576923076923077,79.1903846153846,Standard 12.5,5
Tech Park East,14,Friday,0.4807403846153846,2.8846153846153846,88.70865384615385,Standard 12.5,5
Tech Park East,15,Friday,0.567451923076923,3.4038461538461537,107.14730769230769,Peak 18,5
Tech Park East,16,Friday,0.761173076923077,4.5673076923076925,136.09423076923076,Surge 22+,5
Tech Park East,17,Friday,0.8492596153846154,5.096153846153846,154.01115384615383,Surge 22+,5
Tech Park East,18,Friday,0.7580384615384615,4.548076923076923,133.26403846153846,Surge 22+,5
Tech Park East,19,Friday,0.5994903846153846,3.5961538461538463,108.59961538461539,Peak 18,5
Tech Park East,20,Friday,0.3732692307692308,2.2403846153846154,68.34692307692308,Standard 12.5,5
Tech Park East,21,Friday,0.25159615384615386,1.5096153846153846,45.18759615384616,Standard 12.5,5
Tech Park East,22,Friday,0.13642307692307692,0.8173076923076923,26.22644230769231,Off-Peak 9,5
Tech Park East,23,Friday,0.059403846153846154,0.3557692307692308,11.412500000000001,Off-Peak 9,5
Tech Park East,0,Saturday,0.019269230769230768,0.11538461538461539,3.8222115384615383,Off-Peak 9,6
Tech Park East,1,Saturday,0.016057692307692308,0.09615384615384616,3.03875,Off-Peak 9,6
Tech Park East,2,Saturday,0.011240384615384616,0.0673076923076923,1.8634615384615385,Off-Peak 9,6
Tech Park East,3,Saturday,0.009634615384615384,0.057692307692307696,1.932596153846154,Off-Peak 9,6
Tech Park East,4,Saturday,0.012846153846153847,0.07692307692307693,2.3759615384615382,Off-Peak 9,6
Tech Park East,5,Saturday,0.030509615384615385,0.18269230769230768,5.864230769230769,Off-Peak 9,6
Tech Park East,6,Saturday,0.06422115384615384,0.38461538461538464,12.177307692307693,Off-Peak 9,6
Tech Park East,7,Saturday,0.17642307692307696,1.0576923076923077,32.03365384615385,Off-Peak 9,6
Tech Park East,8,Saturday,0.31562500000000004,1.8942307692307692,56.18634615384615,Standard 12.5,6
Tech Park East,9,Saturday,0.4390096153846154,2.6346153846153846,82.03701923076923,Standard 12.5,6
Tech Park East,10,Saturday,0.5208557692307693,3.125,97.73807692307693,Peak 18,6
Tech Park East,11,Saturday,0.5032115384615385,3.019230769230769,88.09740384615384,Peak 18,6
Tech Park East,12,Saturday,0.5593942307692308,3.355769230769231,102.21548076923077,Peak 18,6
Tech Park East,13,Saturday,0.5256826923076923,3.1538461538461537,98.32923076923076,Peak 18,6
Tech Park East,14,Saturday,0.48875961538461543,2.9326923076923075,90.24509615384615,Standard 12.5,6
Tech Park East,15,Saturday,0.47751923076923075,2.8653846153846154,85.49528846153846,Standard 12.5,6
Tech Park East,16,Saturday,0.5240769230769231,3.144230769230769,95.81048076923076,Peak 18,6
Tech Park East,17,Saturday,0.6075,3.644230769230769,106.15240384615385,Peak 18,6
Tech Park East,18,Saturday,0.5946826923076923,3.5673076923076925,109.89576923076923,Peak 18,6
Tech Park East,19,Saturday,0.5112307692307693,3.0673076923076925,93.4923076923077,Peak 18,6
Tech Park East,20,Saturday,0.3748365384615385,2.25,68.27192307692307,Standard 12.5,6
Tech Park East,21,Saturday,0.21321153846153845,1.2788461538461537,36.48480769230769,Standard 12.5,6
Tech Park East,22,Saturday,0.12195192307692307,0.7307692307692307,22.710576923076925,Off-Peak 9,6
Tech Park East,23,Saturday,0.04977884615384616,0.2980769230769231,8.319038461538462,Off-Peak 9,6
Tech Park East,0,Sunday,0.019269230769230768,0.11538461538461539,3.0471153846153842,Off-Peak 9,7
Tech Park East,1,Sunday,0.011240384615384616,0.0673076923076923,1.604903846153846,Off-Peak 9,7
Tech Park East,2,Sunday,0.020875,0.125,3.6100961538461536,Off-Peak 9,7
Tech Park East,3,Sunday,0.014451923076923077,0.08653846153846154,1.8724038461538461,Off-Peak 9,7
Tech Park East,4,Sunday,0.009634615384615384,0.057692307692307696,1.8725,Off-Peak 9,7
Tech Park East,5,Sunday,0.020875,0.125,3.0967307692307693,Off-Peak 9,7
Tech Park East,6,Sunday,0.06744230769230769,0.40384615384615385,12.370673076923076,Off-Peak 9,7
Tech Park East,7,Sunday,0.1604423076923077,0.9615384615384616,27.70576923076923,Off-Peak 9,7
Tech Park East,8,Sunday,0.3203461538461539,1.9230769230769231,54.2726923076923,Standard 12.5,7
Tech Park East,9,Sunday,0.4357692307692308,2.6153846153846154,80.62317307692307,Standard 12.5,7
Tech Park East,10,Sunday,0.49358653846153844,2.9615384615384617,88.06346153846154,Standard 12.5,7
Tech Park East,11,Sunday,0.5064134615384616,3.0384615384615383,90.74182692307691,Peak 18,7
Tech Park East,12,Sunday,0.548125,3.2884615384615383,102.04673076923078,Peak 18,7
Tech Park East,13,Sunday,0.5240865384615385,3.144230769230769,92.49057692307693,Peak 18,7
Tech Park East,14,Sunday,0.49678846153846157,2.980769230769231,93.85961538461538,Standard 12.5,7
Tech Park East,15,Sunday,0.4743173076923077,2.8461538461538463,86.45057692307692,Standard 12.5,7
Tech Park East,16,Sunday,0.5160576923076923,3.0961538461538463,92.64884615384615,Peak 18,7
Tech Park East,17,Sunday,0.5946923076923076,3.5673076923076925,108.50605769230768,Peak 18,7
Tech Park East,18,Sunday,0.5882884615384616,3.5288461538461537,103.01057692307693,Peak 18,7
Tech Park East,19,Sunday,0.49197115384615386,2.951923076923077,89.0123076923077,Standard 12.5,7
Tech Park East,20,Sunday,0.36196153846153845,2.173076923076923,64.7698076923077,Standard 12.5,7
Tech Park East,21,Sunday,0.2244326923076923,1.3461538461538463,39.64826923076923,Standard 12.5,7
Tech Park East,22,Sunday,0.11558653846153846,0.6923076923076923,19.82028846153846,Off-Peak 9,7
Tech Park East,23,Sunday,0.05459615384615384,0.3269230769230769,9.481057692307692,Off-Peak 9,7
